-- phpMyAdmin SQL Dump
-- version 4.9.1
-- https://www.phpmyadmin.net/
--
-- Host: 127.0.0.1
-- Generation Time: Aug 16, 2021 at 07:03 PM
-- Server version: 10.4.8-MariaDB
-- PHP Version: 7.3.11

SET SQL_MODE = "NO_AUTO_VALUE_ON_ZERO";
SET AUTOCOMMIT = 0;
START TRANSACTION;
SET time_zone = "+00:00";


/*!40101 SET @OLD_CHARACTER_SET_CLIENT=@@CHARACTER_SET_CLIENT */;
/*!40101 SET @OLD_CHARACTER_SET_RESULTS=@@CHARACTER_SET_RESULTS */;
/*!40101 SET @OLD_COLLATION_CONNECTION=@@COLLATION_CONNECTION */;
/*!40101 SET NAMES utf8mb4 */;

--
-- Database: `laravl_advanced`
--

-- --------------------------------------------------------

--
-- Table structure for table `categories`
--

CREATE TABLE `categories` (
  `id` bigint(20) UNSIGNED NOT NULL,
  `name` varchar(255) COLLATE utf8mb4_unicode_ci NOT NULL,
  `created_at` timestamp NULL DEFAULT NULL,
  `updated_at` timestamp NULL DEFAULT NULL
) ENGINE=InnoDB DEFAULT CHARSET=utf8mb4 COLLATE=utf8mb4_unicode_ci;

--
-- Dumping data for table `categories`
--

INSERT INTO `categories` (`id`, `name`, `created_at`, `updated_at`) VALUES
(1, 'Et fugit ut voluptates.', '2021-08-15 03:12:56', '2021-08-15 03:12:56'),
(2, 'Repellendus asperiores sit.', '2021-08-15 03:12:56', '2021-08-15 03:12:56'),
(3, 'Optio officia.', '2021-08-15 03:12:56', '2021-08-15 03:12:56'),
(4, 'Quae et quam et beatae.', '2021-08-15 03:12:56', '2021-08-15 03:12:56'),
(5, 'Repellendus quidem et.', '2021-08-15 03:12:56', '2021-08-15 03:12:56'),
(6, 'Praesentium modi laboriosam velit.', '2021-08-15 03:12:56', '2021-08-15 03:12:56'),
(7, 'Maxime consequatur tempore.', '2021-08-15 03:12:56', '2021-08-15 03:12:56'),
(8, 'Quos dicta ut enim.', '2021-08-15 03:12:56', '2021-08-15 03:12:56'),
(9, 'Vero et accusantium.', '2021-08-15 03:12:57', '2021-08-15 03:12:57'),
(10, 'Corporis amet minus amet.', '2021-08-15 03:12:57', '2021-08-15 03:12:57'),
(11, 'Fuga impedit voluptatem recusandae.', '2021-08-15 03:12:57', '2021-08-15 03:12:57'),
(12, 'Dolor consequuntur minus tempore.', '2021-08-15 03:12:57', '2021-08-15 03:12:57'),
(13, 'Voluptate minus voluptatibus corporis.', '2021-08-15 03:12:57', '2021-08-15 03:12:57'),
(14, 'Doloribus corporis aut.', '2021-08-15 03:12:57', '2021-08-15 03:12:57'),
(15, 'Deserunt illo optio.', '2021-08-15 03:12:57', '2021-08-15 03:12:57'),
(16, 'Aperiam rerum aspernatur.', '2021-08-15 03:12:57', '2021-08-15 03:12:57'),
(17, 'Ad illum quis.', '2021-08-15 03:12:57', '2021-08-15 03:12:57'),
(18, 'Est sed totam illum.', '2021-08-15 03:12:57', '2021-08-15 03:12:57'),
(19, 'Explicabo aliquid aspernatur molestiae sequi.', '2021-08-15 03:12:57', '2021-08-15 03:12:57'),
(20, 'Architecto eligendi hic.', '2021-08-15 03:12:57', '2021-08-15 03:12:57');

-- --------------------------------------------------------

--
-- Table structure for table `comments`
--

CREATE TABLE `comments` (
  `id` bigint(20) UNSIGNED NOT NULL,
  `comment` text COLLATE utf8mb4_unicode_ci NOT NULL,
  `post_id` bigint(20) UNSIGNED NOT NULL,
  `created_at` timestamp NULL DEFAULT NULL,
  `updated_at` timestamp NULL DEFAULT NULL
) ENGINE=InnoDB DEFAULT CHARSET=utf8mb4 COLLATE=utf8mb4_unicode_ci;

--
-- Dumping data for table `comments`
--

INSERT INTO `comments` (`id`, `comment`, `post_id`, `created_at`, `updated_at`) VALUES
(1, 'Nihil dolorem in ut quia. Et quo molestiae et. Neque illum porro sit commodi. Sapiente quae officia enim nemo aut dolorem.', 99, '2021-08-15 03:13:16', '2021-08-15 03:13:16'),
(2, 'Enim velit repellendus optio quo aspernatur hic molestias tenetur. Sed ea architecto qui reprehenderit culpa. Sunt magnam exercitationem voluptate eum. Rerum porro voluptatibus fuga laudantium.', 72, '2021-08-15 03:13:16', '2021-08-15 03:13:16'),
(3, 'Ut quia ipsum omnis. Est praesentium praesentium itaque enim et culpa. Occaecati nulla occaecati aut optio quaerat occaecati. Consequuntur vel inventore voluptate aliquid.', 26, '2021-08-15 03:13:16', '2021-08-15 03:13:16'),
(4, 'Sequi earum dolores ipsa pariatur. Accusamus vel quia necessitatibus quia a nemo facilis consequatur. Id quis eius quidem vel velit molestiae.', 133, '2021-08-15 03:13:16', '2021-08-15 03:13:16'),
(5, 'Autem consectetur quis sit impedit. Eaque deleniti asperiores blanditiis quos. Sed molestias consectetur voluptatem minus quia.', 137, '2021-08-15 03:13:16', '2021-08-15 03:13:16'),
(6, 'Ex ipsam blanditiis facilis molestias debitis. Dolores sequi voluptatibus sed dolores ut. Quisquam qui reiciendis accusamus aliquam ut. Est enim et et dolorem necessitatibus placeat quia pariatur.', 135, '2021-08-15 03:13:16', '2021-08-15 03:13:16'),
(7, 'Est eos ipsum nostrum quo eum. Itaque nihil consequatur in ullam sunt. Cupiditate harum dolore nemo consectetur.', 28, '2021-08-15 03:13:16', '2021-08-15 03:13:16'),
(8, 'Modi ut rerum quis sed. At molestiae nihil fuga eum sit suscipit. Minus error non corrupti dolores.', 129, '2021-08-15 03:13:17', '2021-08-15 03:13:17'),
(9, 'Voluptatum occaecati delectus voluptates cum veritatis explicabo. Consequuntur labore ea sit reiciendis nihil et qui. Vel ut natus minus.', 133, '2021-08-15 03:13:17', '2021-08-15 03:13:17'),
(10, 'Commodi occaecati autem omnis cumque et. Totam et nostrum ut magni adipisci soluta. Voluptas sunt accusamus veritatis voluptate aut sit. Eum sit distinctio sed veniam aliquam aperiam sit.', 51, '2021-08-15 03:13:17', '2021-08-15 03:13:17'),
(11, 'Magnam sed commodi quo dolor necessitatibus et. Sed ad quo ut ut consectetur. Modi quisquam necessitatibus maiores provident dolorem.', 57, '2021-08-15 03:13:17', '2021-08-15 03:13:17'),
(12, 'Ut ab magnam qui fugit blanditiis corrupti quis. Et laborum quis ratione quae quam velit expedita. Ut non impedit non eaque rerum sit. Necessitatibus sint repudiandae sequi ducimus.', 10, '2021-08-15 03:13:17', '2021-08-15 03:13:17'),
(13, 'Fuga laboriosam non dolores voluptas autem maxime omnis. Esse consequuntur repellendus aliquid. Qui dolor dicta non fuga id.', 126, '2021-08-15 03:13:17', '2021-08-15 03:13:17'),
(14, 'Sed eveniet sit qui totam. Suscipit temporibus provident molestiae ab culpa ipsa commodi. Voluptatem ab explicabo repellendus eveniet non. Harum sed voluptatem asperiores fuga rem id qui.', 199, '2021-08-15 03:13:17', '2021-08-15 03:13:17'),
(15, 'Fugiat aliquam laboriosam est omnis aliquid vel nesciunt. Ex vel sed quaerat consectetur est. Dolorem aut voluptatem id rerum totam deleniti enim.', 16, '2021-08-15 03:13:17', '2021-08-15 03:13:17'),
(16, 'Minima illo sunt cum autem. Sapiente nobis id non quasi. Amet non error et et odio natus. Fugiat magni omnis deleniti rerum nihil quibusdam.', 128, '2021-08-15 03:13:17', '2021-08-15 03:13:17'),
(17, 'Corrupti itaque nostrum ad cumque provident. Quisquam aperiam iusto numquam quia nam atque voluptatem. Atque ipsum excepturi doloribus id consequatur accusamus velit.', 2, '2021-08-15 03:13:17', '2021-08-15 03:13:17'),
(18, 'Ea non ipsum aut qui et. Dolor ut nulla et a numquam facere. Esse aut enim quasi deserunt repellat. Quos delectus ut veniam et deleniti.', 192, '2021-08-15 03:13:17', '2021-08-15 03:13:17'),
(19, 'Et voluptatem sit voluptatibus quas. Aliquid molestiae omnis maxime voluptatum eum impedit neque. Totam itaque unde possimus qui animi incidunt aut dolore.', 163, '2021-08-15 03:13:17', '2021-08-15 03:13:17'),
(20, 'Veritatis est tempora qui et exercitationem. Aperiam perspiciatis sint neque et odio quisquam quasi. Dicta distinctio et eligendi expedita est. Aut beatae aut nihil ullam quo.', 160, '2021-08-15 03:13:18', '2021-08-15 03:13:18'),
(21, 'Quos harum aperiam enim qui. Occaecati et exercitationem iste veritatis. Maiores asperiores voluptatem autem assumenda. Nostrum aperiam assumenda pariatur.', 195, '2021-08-15 03:13:18', '2021-08-15 03:13:18'),
(22, 'Quisquam ipsum expedita enim iusto. Excepturi unde at aut et sed minus. Vel voluptates quis est.', 87, '2021-08-15 03:13:18', '2021-08-15 03:13:18'),
(23, 'Perspiciatis sed unde maiores aperiam vitae dolorum et. Sunt voluptatem vitae hic. Sapiente officiis corporis optio nihil rem.', 120, '2021-08-15 03:13:18', '2021-08-15 03:13:18'),
(24, 'Rerum porro delectus in quia officiis libero sed. Velit et voluptas magni.', 151, '2021-08-15 03:13:18', '2021-08-15 03:13:18'),
(25, 'Est sequi soluta excepturi est. Est quo ipsum laborum odit. Temporibus debitis repellendus ea ad id libero. Voluptatem tempora reprehenderit expedita est quia molestias.', 44, '2021-08-15 03:13:18', '2021-08-15 03:13:18'),
(26, 'Velit molestias fuga quas. Ut et laudantium eum aut ducimus. Vitae rerum doloremque maiores at deleniti culpa reprehenderit.', 197, '2021-08-15 03:13:18', '2021-08-15 03:13:18'),
(27, 'Optio sed voluptatem blanditiis distinctio harum. Animi sunt omnis libero dolorem consectetur. Alias perferendis a optio quia saepe. Hic quibusdam maxime autem consequatur nihil iusto beatae omnis.', 162, '2021-08-15 03:13:18', '2021-08-15 03:13:18'),
(28, 'Et molestiae adipisci dignissimos facere. Rem voluptatem omnis fugit repudiandae optio. Modi repellat alias corporis ut omnis debitis. Culpa quidem qui quae ex.', 186, '2021-08-15 03:13:18', '2021-08-15 03:13:18'),
(29, 'Ab eligendi voluptates minima qui quod fuga. Ex maxime libero officia aut maiores quidem ad ut. Iure consequatur atque illum assumenda debitis.', 154, '2021-08-15 03:13:18', '2021-08-15 03:13:18'),
(30, 'Et ut enim dolor neque eveniet. Deserunt molestiae expedita sunt alias animi officiis dolores. Ut sit magni commodi voluptas eaque quod cum.', 39, '2021-08-15 03:13:18', '2021-08-15 03:13:18'),
(31, 'Sint molestias non in unde hic soluta. Placeat esse tempora dolores id. Veniam non fugiat rerum maiores aut.', 42, '2021-08-15 03:13:18', '2021-08-15 03:13:18'),
(32, 'Vel corporis maiores iste earum nulla commodi eaque. Soluta aut natus autem quidem delectus dignissimos. Debitis ut ratione voluptatum perspiciatis non. Modi eius ut voluptas hic.', 18, '2021-08-15 03:13:18', '2021-08-15 03:13:18'),
(33, 'Quo qui dolores dolorum ea necessitatibus. Est qui earum quaerat dicta nesciunt. Maiores sed ullam quidem quae recusandae similique est.', 173, '2021-08-15 03:13:18', '2021-08-15 03:13:18'),
(34, 'Repellendus sunt est consectetur vitae ipsa voluptatem eum. Dolores dolores a nemo voluptatem. Aut dicta qui et distinctio excepturi quos sed debitis.', 55, '2021-08-15 03:13:18', '2021-08-15 03:13:18'),
(35, 'Possimus ipsam sapiente eius tenetur. Possimus explicabo est excepturi molestiae. Tenetur reiciendis eveniet quibusdam aliquid.', 161, '2021-08-15 03:13:18', '2021-08-15 03:13:18'),
(36, 'Maxime eligendi temporibus perspiciatis quasi repellat ut. Quia nam totam nobis distinctio voluptate qui omnis quaerat. Ut deserunt voluptatem harum itaque qui quos expedita.', 128, '2021-08-15 03:13:18', '2021-08-15 03:13:18'),
(37, 'Quasi eius sed delectus occaecati qui autem quia. Ullam culpa est veritatis delectus possimus fugiat aliquam est. Amet debitis ipsa illo vitae id in perferendis.', 87, '2021-08-15 03:13:19', '2021-08-15 03:13:19'),
(38, 'Alias consequatur nam esse aliquam ducimus. Voluptas consequatur aut explicabo tenetur ea aut. Maiores commodi est eos quia. Sequi dolor iure distinctio.', 184, '2021-08-15 03:13:19', '2021-08-15 03:13:19'),
(39, 'Atque velit voluptas eaque iste harum. Voluptatem earum dolores hic in. Et rem nobis aut et ullam. Voluptatem commodi et eius omnis ab possimus quas libero.', 200, '2021-08-15 03:13:19', '2021-08-15 03:13:19'),
(40, 'Et ad neque unde repellat sapiente adipisci minima. Est quasi nostrum earum fuga et ut. Eligendi labore itaque molestiae velit non. Odio qui minima sit debitis.', 27, '2021-08-15 03:13:19', '2021-08-15 03:13:19'),
(41, 'Non ipsa saepe vel. Numquam harum corrupti ipsam. Ea voluptas eum nisi quas cupiditate voluptatum. Dolorem qui mollitia accusamus ducimus aspernatur debitis. Exercitationem quasi iure aut in.', 182, '2021-08-15 03:13:19', '2021-08-15 03:13:19'),
(42, 'Vel minus voluptatem qui iste et. Id eveniet et nostrum unde qui suscipit. Molestiae quam error est iste. Eveniet non voluptatem aspernatur ad sit fuga eos.', 159, '2021-08-15 03:13:19', '2021-08-15 03:13:19'),
(43, 'Quibusdam in vero sed vel in delectus. Dolorem minima error accusantium sed molestiae aut aspernatur. Ea omnis quam omnis et architecto maiores unde optio.', 78, '2021-08-15 03:13:19', '2021-08-15 03:13:19'),
(44, 'Ea sed alias sint adipisci ex quia dolorum. Modi perspiciatis velit cumque. Praesentium enim aut hic sed et.', 14, '2021-08-15 03:13:19', '2021-08-15 03:13:19'),
(45, 'Placeat ex est soluta vitae tempora aliquid. Nemo soluta maxime qui iusto. Cupiditate velit ut hic cum et minus non delectus.', 38, '2021-08-15 03:13:19', '2021-08-15 03:13:19'),
(46, 'Minima dicta molestiae quae odit consequuntur et. Nisi est cupiditate debitis enim tenetur blanditiis. In cupiditate et dolores repudiandae. Facilis quae minima velit consequatur.', 100, '2021-08-15 03:13:19', '2021-08-15 03:13:19'),
(47, 'At nesciunt saepe est. Ea excepturi ducimus aliquam. Unde deleniti assumenda et et. Exercitationem consequatur ea saepe dolor voluptate dolor tenetur. Voluptas doloremque amet omnis illum.', 163, '2021-08-15 03:13:19', '2021-08-15 03:13:19'),
(48, 'Repellendus ipsa sed unde quo odio. Itaque enim atque deleniti porro nisi. Adipisci quia ut minus facilis dolores incidunt beatae. In quam odit quibusdam earum.', 3, '2021-08-15 03:13:19', '2021-08-15 03:13:19'),
(49, 'Impedit minus et est ut quam ipsa sed. Et quo iste et inventore cum. Et asperiores ea voluptatum quia. Quisquam nobis corrupti unde delectus harum.', 11, '2021-08-15 03:13:19', '2021-08-15 03:13:19'),
(50, 'Ab neque quidem nostrum qui. Cum aperiam tenetur magni rerum ad repellendus aut. Eos amet molestiae sunt laborum nemo laudantium animi.', 89, '2021-08-15 03:13:19', '2021-08-15 03:13:19'),
(51, 'Culpa quisquam ipsa quis corrupti voluptatem. Dolores officia blanditiis alias est tempore. Delectus quisquam molestias sit corporis.', 117, '2021-08-15 03:13:19', '2021-08-15 03:13:19'),
(52, 'Officia iure vitae odit iusto. Molestiae debitis tempora alias doloribus minima dolores. Et sapiente est iste quo ea. Aut voluptatibus unde et qui sunt.', 198, '2021-08-15 03:13:20', '2021-08-15 03:13:20'),
(53, 'Minus harum saepe in rerum. Consequuntur facere nisi qui distinctio quas et quis. Vero ratione enim vitae. Consectetur molestias sed quia omnis esse omnis.', 127, '2021-08-15 03:13:20', '2021-08-15 03:13:20'),
(54, 'Quibusdam nam consequuntur fugit. Voluptate deleniti ut cum odit. Fugit quae ipsum qui sit laborum.', 118, '2021-08-15 03:13:20', '2021-08-15 03:13:20'),
(55, 'Quos qui sed aliquam quia. Reiciendis id aut dolorem rerum laudantium odit. Nihil est accusantium a. Possimus incidunt id autem nam.', 142, '2021-08-15 03:13:20', '2021-08-15 03:13:20'),
(56, 'Voluptatem sed quas in sunt id. Rerum fuga minus exercitationem consequatur optio qui tenetur.', 183, '2021-08-15 03:13:20', '2021-08-15 03:13:20'),
(57, 'Quisquam dolorum cum culpa sit quod ut quaerat. Natus vero ut eos voluptatem dolorem impedit fugit. Eaque et quam doloribus mollitia voluptate laudantium.', 117, '2021-08-15 03:13:20', '2021-08-15 03:13:20'),
(58, 'Est eligendi quis consequatur voluptas. Similique et non odio incidunt laudantium sed explicabo. Et minus aut velit libero tenetur quo non. Officiis dolorem eos molestiae quod.', 82, '2021-08-15 03:13:20', '2021-08-15 03:13:20'),
(59, 'Eos maiores exercitationem nihil in. Tempore facilis sit eum in nam. Voluptatum soluta sint ut voluptatum animi.', 126, '2021-08-15 03:13:20', '2021-08-15 03:13:20'),
(60, 'Ut quae quod nulla necessitatibus. A voluptatem fugit non ipsam omnis. Quod dolores quod optio alias. Aut laborum labore nostrum beatae aspernatur.', 140, '2021-08-15 03:13:20', '2021-08-15 03:13:20'),
(61, 'Fugiat natus fugiat delectus id iure magnam illo porro. Non natus placeat excepturi voluptatibus ad est aut.', 87, '2021-08-15 03:13:20', '2021-08-15 03:13:20'),
(62, 'Harum delectus molestiae commodi repellendus eum omnis impedit. Esse et nam quos et porro nulla. Quia quis quia quibusdam facilis ut ratione pariatur eum. Optio at quia impedit alias pariatur.', 167, '2021-08-15 03:13:20', '2021-08-15 03:13:20'),
(63, 'Enim distinctio doloribus rerum ex qui amet maxime. Iste voluptatem qui quos deleniti ut. Laboriosam quia quo accusantium tempore qui animi.', 117, '2021-08-15 03:13:20', '2021-08-15 03:13:20'),
(64, 'Laborum voluptate quis aut adipisci minus quos recusandae ea. Enim nisi est ex commodi. Eius aliquid quaerat voluptatem ut modi aut.', 193, '2021-08-15 03:13:20', '2021-08-15 03:13:20'),
(65, 'Id aut est aut repudiandae et consequatur. Minus quidem aliquam saepe quis maiores harum placeat voluptatibus. Et suscipit dolores culpa temporibus aliquid labore fugit. Beatae aut laborum culpa.', 58, '2021-08-15 03:13:20', '2021-08-15 03:13:20'),
(66, 'Laboriosam veniam mollitia dolor iusto non. Ut eaque temporibus in fugit quasi. Illum sint doloribus doloribus eos molestias ut cum.', 179, '2021-08-15 03:13:20', '2021-08-15 03:13:20'),
(67, 'Reprehenderit nihil et ab veniam odio eius. Autem alias a rerum sint. Est voluptas sequi ratione voluptates amet aut autem.', 103, '2021-08-15 03:13:20', '2021-08-15 03:13:20'),
(68, 'Dicta dolores veniam sed natus omnis doloremque. Et aut qui sint ex facilis aut. Mollitia velit asperiores aspernatur molestias consequuntur.', 193, '2021-08-15 03:13:21', '2021-08-15 03:13:21'),
(69, 'In ut quam impedit et tempora nesciunt et exercitationem. Ut quisquam eaque perspiciatis ut sint officiis. Sapiente quia ipsa quaerat voluptatem ipsum eos similique.', 133, '2021-08-15 03:13:21', '2021-08-15 03:13:21'),
(70, 'Quibusdam officia deserunt fuga et. Alias et occaecati quaerat vero sit consequatur at repellat. Alias sequi impedit et ut saepe. Recusandae sit aspernatur odit voluptate vitae mollitia.', 121, '2021-08-15 03:13:21', '2021-08-15 03:13:21'),
(71, 'Facere ut ut sit molestias culpa. Deserunt qui ut doloribus suscipit aut. Ipsa pariatur qui pariatur voluptatem. Sint unde dolores et placeat et dicta.', 18, '2021-08-15 03:13:21', '2021-08-15 03:13:21'),
(72, 'Animi qui quibusdam error eos expedita id blanditiis. Fuga dolore autem necessitatibus. Soluta quibusdam et eos. Ut quas vel veritatis laudantium rerum.', 35, '2021-08-15 03:13:21', '2021-08-15 03:13:21'),
(73, 'Dolore omnis voluptas voluptas dolor dicta. Beatae earum tempore qui aut provident. Quo explicabo explicabo sit minus. Iure consequatur doloremque voluptas veniam est aliquid.', 37, '2021-08-15 03:13:21', '2021-08-15 03:13:21'),
(74, 'Harum ab ea et. Iste nobis ad quod aut. Dolorem natus incidunt occaecati aperiam. Quisquam aliquam sint corrupti perferendis.', 54, '2021-08-15 03:13:21', '2021-08-15 03:13:21'),
(75, 'Inventore quia iste rerum illum nulla quae sed. Ipsa autem aut adipisci temporibus. Consequuntur vitae non earum. Possimus magni porro nesciunt pariatur odio explicabo tempore.', 181, '2021-08-15 03:13:21', '2021-08-15 03:13:21'),
(76, 'Dolore iure et consequatur porro. Deserunt ut error quia aliquid sequi ut aliquid et. Et harum optio quos voluptatem sequi. Quas voluptas quo et dolores earum ut molestiae.', 86, '2021-08-15 03:13:21', '2021-08-15 03:13:21'),
(77, 'Aliquam veniam vitae est eligendi qui ut. Consectetur et quisquam nostrum eos iure earum delectus. Maxime nihil asperiores dolore eaque sed fugit. Ut accusantium ut sint neque.', 145, '2021-08-15 03:13:21', '2021-08-15 03:13:21'),
(78, 'Quo praesentium debitis dolore quam quia quibusdam. Temporibus sint ut ut enim ut asperiores. Voluptate aspernatur qui dolore eius quia excepturi et.', 33, '2021-08-15 03:13:21', '2021-08-15 03:13:21'),
(79, 'Accusamus laudantium laborum est occaecati fugiat mollitia sequi. Exercitationem quam aut hic velit.', 159, '2021-08-15 03:13:21', '2021-08-15 03:13:21'),
(80, 'Accusamus repudiandae illum fugiat aut voluptatem dolorum est. Sit sint vel consequuntur aliquam. Magnam in eveniet vel voluptates aliquam voluptas.', 51, '2021-08-15 03:13:21', '2021-08-15 03:13:21'),
(81, 'Sunt dolorem hic nihil asperiores debitis molestiae. Aliquid odit vel dolores perspiciatis vero facilis fugit nesciunt. Aut reiciendis rerum id sed. Quos perferendis nobis voluptates dolorem et.', 77, '2021-08-15 03:13:21', '2021-08-15 03:13:21'),
(82, 'Eum nihil dolorem deserunt odit voluptatem. Sapiente aperiam quia quae iusto. At dignissimos perspiciatis est eaque dolorem. Ipsam eaque libero et beatae in fuga culpa omnis.', 15, '2021-08-15 03:13:21', '2021-08-15 03:13:21'),
(83, 'Quia vero eum soluta exercitationem. Quaerat cumque eius dignissimos. Quaerat deserunt voluptatem voluptatem eos.', 130, '2021-08-15 03:13:21', '2021-08-15 03:13:21'),
(84, 'Numquam possimus qui culpa expedita corporis. Hic officia non ipsa. Eos eum autem sunt impedit harum et. Aut quis neque velit totam tempora debitis.', 41, '2021-08-15 03:13:21', '2021-08-15 03:13:21'),
(85, 'Nemo dolore laboriosam praesentium. Adipisci expedita debitis maiores. Consequatur illum quibusdam exercitationem quae ut at.', 1, '2021-08-15 03:13:21', '2021-08-15 03:13:21'),
(86, 'Voluptatum necessitatibus rerum aliquid. Aut numquam nisi nesciunt dolores error soluta sed. Maxime placeat facilis enim cum numquam quis quos. Exercitationem ut cumque ea odio quia vel.', 158, '2021-08-15 03:13:21', '2021-08-15 03:13:21'),
(87, 'Et adipisci similique tempora ratione vel eos beatae. Possimus aut officia soluta ab nihil quis. Et in vitae rerum sapiente dignissimos. Voluptatem illum velit aut.', 129, '2021-08-15 03:13:22', '2021-08-15 03:13:22'),
(88, 'Quia ad placeat et omnis quaerat. Illo consequatur in ex magni. Fugit ipsam laboriosam ipsum ab pariatur omnis.', 199, '2021-08-15 03:13:22', '2021-08-15 03:13:22'),
(89, 'Et non ut voluptatibus blanditiis illo. Distinctio quia autem quo voluptates delectus ut magnam. Possimus dolorum mollitia adipisci aspernatur ut dolorem. Aut sunt labore sunt autem veniam.', 110, '2021-08-15 03:13:22', '2021-08-15 03:13:22'),
(90, 'Et fugit libero commodi et. Exercitationem et distinctio sit alias in maxime et. Et ea odio est ut. Ratione aut sunt id ut error iure. Possimus non qui in dolor iusto. Neque quis sunt dicta et.', 70, '2021-08-15 03:13:22', '2021-08-15 03:13:22'),
(91, 'Eum vero blanditiis sint magni. Et ratione inventore exercitationem consequatur quis ducimus. Dolores velit quo dolore aut sunt maiores. Aut fugiat ab quod amet eum et.', 43, '2021-08-15 03:13:22', '2021-08-15 03:13:22'),
(92, 'Nostrum distinctio quae eius corrupti non eos aspernatur. Maiores dolores veniam eos culpa eum. At aperiam voluptate numquam harum qui voluptatem.', 199, '2021-08-15 03:13:22', '2021-08-15 03:13:22'),
(93, 'Voluptatibus sunt quia eos. Non accusamus consequatur beatae eum nihil est tempore. Neque reprehenderit et aspernatur provident. Nemo saepe voluptates inventore itaque praesentium eveniet.', 73, '2021-08-15 03:13:22', '2021-08-15 03:13:22'),
(94, 'Sit eos reiciendis omnis quisquam nostrum mollitia. Error ut nostrum dignissimos repellendus ex. Tempore deleniti quaerat exercitationem similique sed ut.', 101, '2021-08-15 03:13:22', '2021-08-15 03:13:22'),
(95, 'Illo dolorem qui voluptatem temporibus quod. Dolor perferendis rerum beatae provident. Sed hic incidunt harum laboriosam dolores animi. Ut corrupti aut id qui commodi ut.', 5, '2021-08-15 03:13:22', '2021-08-15 03:13:22'),
(96, 'Beatae veritatis doloremque laborum dolore. Explicabo hic magni quo voluptatem. Non officiis cum voluptates mollitia sint consequuntur.', 12, '2021-08-15 03:13:22', '2021-08-15 03:13:22'),
(97, 'Autem ipsa officiis odio ut. Nihil a magni dolor cupiditate voluptas officia. Ad deleniti aut est distinctio. Dolores omnis provident inventore pariatur maiores a tenetur animi.', 157, '2021-08-15 03:13:22', '2021-08-15 03:13:22'),
(98, 'Adipisci laudantium corrupti tempora. Quas corporis molestiae quo accusantium maiores error aut. Dignissimos et et consequatur amet distinctio ut.', 178, '2021-08-15 03:13:22', '2021-08-15 03:13:22'),
(99, 'Itaque aut ut repellendus non. Rem et nulla temporibus placeat. Esse vel repudiandae totam neque adipisci distinctio doloribus deleniti.', 16, '2021-08-15 03:13:23', '2021-08-15 03:13:23'),
(100, 'Et ut vero debitis possimus. Iste corporis quos soluta voluptatem hic. Omnis consequatur doloremque error.', 98, '2021-08-15 03:13:23', '2021-08-15 03:13:23'),
(101, 'Est ut dolor ab quia. Et nulla a voluptas aliquid dolorem odit tempora. Vitae nihil laudantium provident. Temporibus at sed delectus. Saepe illo eius dolores minima labore.', 143, '2021-08-15 03:13:23', '2021-08-15 03:13:23'),
(102, 'Repellendus rerum magnam explicabo quisquam dolorem dolor ab. Iste dolorem vero sit quaerat iure voluptates beatae. Quidem pariatur itaque ut dolore fugit similique.', 107, '2021-08-15 03:13:23', '2021-08-15 03:13:23'),
(103, 'Aut assumenda iusto harum suscipit temporibus consequuntur est. Recusandae iure sapiente minus rem rerum. Nesciunt amet est odit soluta.', 167, '2021-08-15 03:13:23', '2021-08-15 03:13:23'),
(104, 'Minima recusandae nesciunt consequatur beatae eligendi quia. Ducimus et cumque debitis nobis odit est. Porro nihil provident sit autem deleniti aut unde. Sint explicabo explicabo laborum repudiandae.', 58, '2021-08-15 03:13:23', '2021-08-15 03:13:23'),
(105, 'Enim consectetur cupiditate enim. Sit dolorem similique ea dolores quos iure voluptatem ducimus. Necessitatibus perferendis maiores rerum doloremque non.', 31, '2021-08-15 03:13:23', '2021-08-15 03:13:23'),
(106, 'A quibusdam laborum dolorum odio. Ipsam quis ut excepturi ea et. Rerum expedita aut rerum quia quia.', 183, '2021-08-15 03:13:23', '2021-08-15 03:13:23'),
(107, 'Repellendus animi blanditiis cum. Nihil ad eligendi earum neque. Qui consequatur ut eaque eum. Et qui quos ut et et exercitationem. Est optio nam dignissimos id. Laborum veniam ut ea ut.', 155, '2021-08-15 03:13:23', '2021-08-15 03:13:23'),
(108, 'Minima accusantium dicta architecto culpa fuga tempora ut odio. Occaecati alias autem quidem dolorum accusamus sapiente voluptas. Consectetur aut sint dolorum.', 182, '2021-08-15 03:13:23', '2021-08-15 03:13:23'),
(109, 'Sit at minus reiciendis ut. Blanditiis et doloremque quae occaecati. Corporis facilis dolor doloremque repellat quas optio optio. Suscipit est ab veritatis ratione dolorem explicabo.', 78, '2021-08-15 03:13:24', '2021-08-15 03:13:24'),
(110, 'Numquam nihil excepturi id officiis. Quam voluptatem dolorem omnis reprehenderit omnis at quod autem. Vel voluptas eum impedit dolor. Nihil quaerat voluptatum repellat.', 78, '2021-08-15 03:13:24', '2021-08-15 03:13:24'),
(111, 'Maxime et aut ea quas accusamus. Itaque nesciunt magnam ex deleniti. Libero eum commodi quisquam ut deleniti iure nulla magnam.', 170, '2021-08-15 03:13:24', '2021-08-15 03:13:24'),
(112, 'Error et ut molestias totam dignissimos. Iure et tempore recusandae saepe voluptas id distinctio sapiente.', 31, '2021-08-15 03:13:24', '2021-08-15 03:13:24'),
(113, 'Aut rerum quam ut accusamus corrupti molestias dolorum delectus. Non velit in non quia. Et velit et cupiditate qui accusamus.', 145, '2021-08-15 03:13:24', '2021-08-15 03:13:24'),
(114, 'Sunt nobis occaecati non earum reiciendis ipsam. Consequatur cum ut non quasi. Accusantium beatae nulla sed deserunt. Et consectetur quaerat ut qui accusantium voluptatem placeat aliquid.', 71, '2021-08-15 03:13:24', '2021-08-15 03:13:24'),
(115, 'Voluptates mollitia nobis non fugit. Eveniet rerum corrupti assumenda quaerat voluptatem labore sit. Impedit tenetur officiis cupiditate ut perspiciatis.', 191, '2021-08-15 03:13:24', '2021-08-15 03:13:24'),
(116, 'Voluptatum odit odio et error nam neque. Iste nihil porro quia quis. Quo aperiam maiores asperiores. Enim praesentium quod iure natus voluptatem pariatur.', 197, '2021-08-15 03:13:24', '2021-08-15 03:13:24'),
(117, 'Beatae et culpa voluptatem accusamus. Quibusdam molestias minus vel nemo ut.', 135, '2021-08-15 03:13:24', '2021-08-15 03:13:24'),
(118, 'Omnis rem ad excepturi corporis. Unde recusandae aut ipsam distinctio repellat. Veritatis et sed temporibus rerum fuga optio voluptatibus. Assumenda totam fuga et id iure esse vel.', 82, '2021-08-15 03:13:24', '2021-08-15 03:13:24'),
(119, 'Incidunt non animi dolore. Veritatis officia inventore accusamus aliquam repudiandae nam. Doloribus explicabo itaque voluptatem sed autem quasi fugit error. Et ex ut eius cumque aut magnam.', 33, '2021-08-15 03:13:25', '2021-08-15 03:13:25'),
(120, 'Minima soluta iusto cum animi dicta consequatur ut. Qui iste blanditiis ut. Veritatis ullam aperiam optio sunt.', 2, '2021-08-15 03:13:25', '2021-08-15 03:13:25'),
(121, 'Libero laudantium esse aliquid eum officia. Consequatur qui temporibus harum voluptatem.', 79, '2021-08-15 03:13:25', '2021-08-15 03:13:25'),
(122, 'Magni commodi est voluptatem et. In nulla commodi fuga neque cum aut eum. Labore amet aliquid aut sed. Rem aliquam illo aut.', 113, '2021-08-15 03:13:25', '2021-08-15 03:13:25'),
(123, 'Ut non nesciunt et quis nobis aspernatur impedit. Eos et repellat ex ducimus ducimus. Voluptas provident ipsam quis blanditiis suscipit.', 43, '2021-08-15 03:13:25', '2021-08-15 03:13:25'),
(124, 'Quos quam sequi natus qui nulla natus. Amet quis porro earum laboriosam iste. Blanditiis molestiae quaerat ipsam at sed. Et quibusdam ratione non temporibus. Officiis quas fuga placeat.', 109, '2021-08-15 03:13:25', '2021-08-15 03:13:25'),
(125, 'Expedita facere consequatur omnis incidunt aperiam laboriosam et quis. Ut nisi recusandae in porro nam temporibus. Quasi ab consequatur ut distinctio.', 171, '2021-08-15 03:13:25', '2021-08-15 03:13:25'),
(126, 'Nihil est voluptatum explicabo nam eveniet et tempora. Voluptas nam reprehenderit autem explicabo ut aliquam. Quibusdam dicta debitis maiores sequi nostrum fuga quidem.', 83, '2021-08-15 03:13:25', '2021-08-15 03:13:25'),
(127, 'Perferendis eos quibusdam ad. Veritatis ut architecto ut modi. Voluptatum provident sint reprehenderit maxime ipsum provident nisi.', 107, '2021-08-15 03:13:26', '2021-08-15 03:13:26'),
(128, 'Velit et dignissimos fuga sequi qui cumque voluptatem facere. Consectetur sint vitae sunt voluptatem ratione suscipit qui. Unde et aut est corporis.', 185, '2021-08-15 03:13:26', '2021-08-15 03:13:26'),
(129, 'Vero mollitia nostrum voluptatibus debitis nostrum. Ut corrupti dolorum magnam voluptatem velit. Pariatur voluptates ut nesciunt aliquid ea.', 193, '2021-08-15 03:13:26', '2021-08-15 03:13:26'),
(130, 'Qui molestiae et accusamus sint. Et harum maiores cumque soluta ratione qui. Fugit nemo sit et aut dolorum. Enim qui id eaque et quis esse.', 95, '2021-08-15 03:13:26', '2021-08-15 03:13:26'),
(131, 'Temporibus vitae rerum assumenda omnis laudantium iste. Voluptas praesentium velit mollitia sit sed ut. Nihil accusantium ab non quia.', 39, '2021-08-15 03:13:26', '2021-08-15 03:13:26'),
(132, 'Quibusdam et illo aut. Est rerum nihil vel reiciendis similique sint in. Porro a non aut qui earum dolorum id omnis.', 66, '2021-08-15 03:13:26', '2021-08-15 03:13:26'),
(133, 'Laudantium repellendus nobis aut voluptatem et velit consequatur laborum. Quo ullam blanditiis sit rerum. Quia repellat magni sapiente et.', 18, '2021-08-15 03:13:26', '2021-08-15 03:13:26'),
(134, 'Assumenda illo necessitatibus voluptates adipisci in rerum omnis. Facere porro est eos non mollitia cumque. Veritatis possimus assumenda velit maxime. Est neque magnam sed.', 150, '2021-08-15 03:13:27', '2021-08-15 03:13:27'),
(135, 'Nostrum alias distinctio nulla voluptatem. Cum aliquam facere ducimus tenetur voluptate aut consequatur. Non aperiam nam dignissimos tempora.', 41, '2021-08-15 03:13:27', '2021-08-15 03:13:27'),
(136, 'Sint doloremque autem aperiam omnis. Eos quam non dolor occaecati dicta. Molestias dolor tempore sequi sed id. Hic vero at eveniet dolores exercitationem nihil similique.', 23, '2021-08-15 03:13:27', '2021-08-15 03:13:27'),
(137, 'Qui velit saepe possimus est. Alias et sint ex vitae deserunt beatae magnam. Impedit et sint repudiandae repellendus eligendi rerum rerum.', 87, '2021-08-15 03:13:27', '2021-08-15 03:13:27'),
(138, 'Eum esse nostrum odit sapiente et est hic. Vel voluptatum dolores minima corrupti harum. Harum qui alias est libero repellendus qui. Libero optio error iusto sed est repellat blanditiis.', 68, '2021-08-15 03:13:27', '2021-08-15 03:13:27'),
(139, 'Mollitia quae aut qui recusandae et omnis. Tenetur doloribus et exercitationem sunt tempora est quas aut. Natus ratione nulla atque earum.', 186, '2021-08-15 03:13:27', '2021-08-15 03:13:27'),
(140, 'Expedita esse ipsa assumenda non quod illum modi. Voluptatem dolores voluptas voluptate harum enim ratione eaque in.', 38, '2021-08-15 03:13:27', '2021-08-15 03:13:27'),
(141, 'Ducimus quod voluptas qui minima aut eius illo. Non soluta iusto quia laudantium laudantium odio laboriosam.', 5, '2021-08-15 03:13:27', '2021-08-15 03:13:27'),
(142, 'Expedita sed voluptatem et id omnis aut deserunt. Ut voluptates rem animi velit. Reprehenderit eos ut aspernatur qui est et.', 36, '2021-08-15 03:13:27', '2021-08-15 03:13:27'),
(143, 'Beatae quisquam rerum totam voluptatem facere ipsam tempora. Corporis commodi consequatur neque laborum quia veniam quia. Dolores non repellat officiis odio asperiores assumenda unde.', 161, '2021-08-15 03:13:27', '2021-08-15 03:13:27'),
(144, 'Sed et velit eligendi ut. Rerum hic et labore consequatur. Adipisci qui et itaque ex. Beatae perspiciatis voluptatem magnam provident.', 63, '2021-08-15 03:13:27', '2021-08-15 03:13:27'),
(145, 'Dolorum dignissimos temporibus fugit omnis officiis accusantium autem. Voluptas qui aut non quisquam dicta voluptas quae autem. Quae nobis sint ad quae architecto placeat.', 81, '2021-08-15 03:13:28', '2021-08-15 03:13:28'),
(146, 'Quia qui ipsam nesciunt accusamus eum. Ratione est consequatur magnam harum. Eveniet hic ut ducimus. Voluptatum hic fugit voluptas. Omnis qui provident ea. Autem non porro veniam sint et dolores.', 17, '2021-08-15 03:13:28', '2021-08-15 03:13:28'),
(147, 'Tempora ex ipsa similique excepturi facere optio. Fugit enim eos ut nam doloribus deleniti. Porro delectus magni veniam. Laborum omnis sint omnis et doloribus excepturi.', 68, '2021-08-15 03:13:28', '2021-08-15 03:13:28'),
(148, 'Qui enim et et ducimus qui. Ducimus pariatur veniam dolorem dolore corrupti quaerat. Mollitia cupiditate ipsa sunt aliquam consequatur illum et facilis.', 14, '2021-08-15 03:13:28', '2021-08-15 03:13:28'),
(149, 'Est quaerat eligendi quis atque. Nihil aut accusamus fugit quam sed. Eos unde voluptatibus sit perferendis. Inventore commodi ut nam debitis quaerat.', 106, '2021-08-15 03:13:28', '2021-08-15 03:13:28'),
(150, 'Eveniet sequi eum fugiat dolorem autem ut voluptas consequatur. Numquam assumenda cum consequatur ut. Quia neque voluptatem non possimus labore aut. Cumque soluta voluptas necessitatibus dicta.', 35, '2021-08-15 03:13:28', '2021-08-15 03:13:28'),
(151, 'Repudiandae vel velit quis. Maxime omnis sed quaerat consectetur quia amet dicta totam. Qui sapiente impedit aut animi odio vel magni.', 123, '2021-08-15 03:13:28', '2021-08-15 03:13:28'),
(152, 'Officia aut impedit dolore non quis tenetur. Nobis est vitae nostrum blanditiis aspernatur est molestiae.', 15, '2021-08-15 03:13:28', '2021-08-15 03:13:28'),
(153, 'Placeat nostrum quia eos officiis. Autem quas quisquam dicta omnis est. Libero et iusto cumque accusamus totam. Mollitia nulla optio qui eos quo.', 79, '2021-08-15 03:13:28', '2021-08-15 03:13:28'),
(154, 'Quia praesentium rerum totam quam cupiditate deleniti. Nobis sit atque et dolorum inventore distinctio libero. Dolorem et accusamus saepe et facilis.', 171, '2021-08-15 03:13:28', '2021-08-15 03:13:28'),
(155, 'Inventore laboriosam et consequatur ut ea dolorum nesciunt. Ab est voluptas consectetur. Et dolores enim omnis veritatis neque. Quia consectetur aliquam labore eos iusto quidem eligendi quidem.', 125, '2021-08-15 03:13:28', '2021-08-15 03:13:28'),
(156, 'Quibusdam dolores tenetur sapiente quo assumenda illo vel. Et et sunt illo praesentium nam rem voluptatem. Optio autem vitae blanditiis distinctio. Et animi consequatur necessitatibus a nobis.', 6, '2021-08-15 03:13:29', '2021-08-15 03:13:29'),
(157, 'Minima eos rerum quos aut. Tempora eaque unde velit ratione. Incidunt corporis enim velit. Quos a impedit totam ea qui facere cumque.', 147, '2021-08-15 03:13:29', '2021-08-15 03:13:29'),
(158, 'Ex esse consectetur earum autem autem nihil. Rerum quae accusantium vero rerum temporibus voluptatem officiis. Molestias minima inventore aut omnis nemo quis.', 37, '2021-08-15 03:13:29', '2021-08-15 03:13:29'),
(159, 'Ducimus esse aut ea suscipit omnis animi deserunt. Assumenda minus veritatis esse tenetur qui maxime deserunt. Magni ullam eum ut enim assumenda esse.', 35, '2021-08-15 03:13:29', '2021-08-15 03:13:29'),
(160, 'Harum voluptatem molestias aut sapiente. Voluptas dignissimos et in id vel quaerat fugit ut. Ea qui quaerat qui.', 10, '2021-08-15 03:13:29', '2021-08-15 03:13:29'),
(161, 'Non a aut dolorem suscipit voluptatem. At exercitationem ex illum aut nemo similique. Suscipit amet perferendis voluptas vel corporis a quia.', 122, '2021-08-15 03:13:29', '2021-08-15 03:13:29'),
(162, 'Voluptate porro harum harum. Neque sunt a quasi ex. Natus nesciunt illo perferendis et et.', 55, '2021-08-15 03:13:29', '2021-08-15 03:13:29'),
(163, 'Id provident voluptas quo nesciunt rerum consequatur iusto qui. Dolor nemo ab quaerat ut perferendis expedita. Perspiciatis rem itaque voluptas est corporis. Quo fuga nostrum possimus.', 34, '2021-08-15 03:13:29', '2021-08-15 03:13:29'),
(164, 'Aliquam voluptate nam consequatur. Odio delectus et ex nulla architecto veritatis dolor. At nemo ad ratione delectus. Dolores eaque velit blanditiis debitis amet saepe quis.', 133, '2021-08-15 03:13:29', '2021-08-15 03:13:29'),
(165, 'Fugiat qui culpa sunt occaecati. Quos porro inventore rem deserunt aut quia molestias. Sit excepturi dignissimos quidem vel eum. Perferendis earum consequatur ipsa placeat amet sunt.', 33, '2021-08-15 03:13:29', '2021-08-15 03:13:29'),
(166, 'Doloremque libero vero ut asperiores. Explicabo et quia consequuntur aspernatur minus cum. Labore dicta nulla neque veniam sint molestiae autem. Consectetur voluptatibus ut et quaerat ut omnis.', 82, '2021-08-15 03:13:29', '2021-08-15 03:13:29'),
(167, 'Id illo omnis aut animi. Natus et molestias quas numquam. Porro earum officiis consequatur. Rerum recusandae aliquid corrupti. Voluptatem illo aliquid mollitia et non dolorem repellendus.', 108, '2021-08-15 03:13:29', '2021-08-15 03:13:29'),
(168, 'Aliquam neque ipsa similique sunt vel corporis nisi. Magnam officia quia odio non. Eos laudantium voluptatem velit perferendis libero iure ea. Quam placeat in et nam cupiditate pariatur distinctio.', 126, '2021-08-15 03:13:29', '2021-08-15 03:13:29'),
(169, 'Ut quaerat non est quam incidunt quo. Quibusdam nihil libero in vitae unde officia. Illum eos occaecati doloremque tempore impedit eius nostrum.', 150, '2021-08-15 03:13:30', '2021-08-15 03:13:30'),
(170, 'Laudantium alias commodi non pariatur est tempore. Sint autem error dolore. Est sed fugiat dolore sunt officia facere. Accusamus accusantium voluptatum pariatur.', 197, '2021-08-15 03:13:30', '2021-08-15 03:13:30'),
(171, 'Fugit culpa et neque sequi voluptas facere earum. Sit omnis qui est incidunt. Veritatis velit quos aliquid provident sequi hic.', 69, '2021-08-15 03:13:30', '2021-08-15 03:13:30'),
(172, 'Qui non numquam sit molestiae reprehenderit. Saepe placeat unde accusamus quia numquam. Officiis vel autem laborum modi at et aperiam.', 189, '2021-08-15 03:13:30', '2021-08-15 03:13:30'),
(173, 'Earum sit aut et illo nesciunt beatae. Quibusdam voluptatem ab libero asperiores. Delectus deleniti natus consequatur error autem quos temporibus veniam.', 114, '2021-08-15 03:13:30', '2021-08-15 03:13:30'),
(174, 'Et quos rerum quaerat enim amet sit. Alias ducimus quae quod quis sed consectetur voluptatem. Est quia voluptatum qui.', 142, '2021-08-15 03:13:30', '2021-08-15 03:13:30'),
(175, 'Veniam soluta deleniti consequatur beatae modi voluptas id molestias. Asperiores est nisi unde magni qui voluptas. Voluptas eos in eum earum dolor est.', 117, '2021-08-15 03:13:30', '2021-08-15 03:13:30'),
(176, 'Voluptatem in numquam officia aliquid esse. Incidunt harum nostrum porro sed debitis veniam ratione. Ut quia dolorum maiores maxime aperiam illo aliquam minus.', 101, '2021-08-15 03:13:30', '2021-08-15 03:13:30'),
(177, 'Aut laborum eos enim ex. Rerum quis ducimus qui architecto molestias consequatur.', 152, '2021-08-15 03:13:30', '2021-08-15 03:13:30'),
(178, 'Laboriosam quia ea ratione. Omnis nulla porro laboriosam quia officia occaecati. Quis amet asperiores quia dolorem rerum qui. Ut sunt quo ipsam cum quis. Dolores fuga repellat quia iusto.', 79, '2021-08-15 03:13:30', '2021-08-15 03:13:30'),
(179, 'Sequi maxime cumque harum optio excepturi doloremque esse. Sunt sed id et. Accusantium nulla impedit dolorem vero explicabo velit qui. Id tempore reprehenderit magni et eos corporis ea.', 119, '2021-08-15 03:13:31', '2021-08-15 03:13:31'),
(180, 'Facilis tempore asperiores maxime qui nam quibusdam earum. Molestias aliquid repellat laborum. Voluptatem commodi autem officia et.', 16, '2021-08-15 03:13:31', '2021-08-15 03:13:31'),
(181, 'Molestiae ut omnis quidem molestias omnis. Exercitationem consequatur aut similique ut et. Aut eveniet at sunt laboriosam nobis qui.', 115, '2021-08-15 03:13:31', '2021-08-15 03:13:31'),
(182, 'Qui fugit sed excepturi aut aliquid deleniti eum. Blanditiis saepe eos consectetur iste sit blanditiis omnis. Reiciendis assumenda nam omnis non.', 58, '2021-08-15 03:13:31', '2021-08-15 03:13:31'),
(183, 'Aut aliquam vitae quia officia ea reiciendis recusandae. Veniam quia aut qui assumenda. At porro vel accusantium quasi. Iure omnis et quia sed at dolor est.', 4, '2021-08-15 03:13:31', '2021-08-15 03:13:31'),
(184, 'Error nam quo ut quae omnis. Id dicta animi quas suscipit praesentium. Amet corporis esse accusamus repellat eaque.', 123, '2021-08-15 03:13:31', '2021-08-15 03:13:31'),
(185, 'Aut error qui voluptate molestiae. Minus velit voluptatem minus assumenda nemo quaerat quibusdam. Voluptatem earum odio totam. Quia sapiente sit illo voluptas maiores expedita.', 148, '2021-08-15 03:13:31', '2021-08-15 03:13:31'),
(186, 'Sed eum expedita atque quia voluptatem ut. Sit voluptatem nam quia repudiandae.', 10, '2021-08-15 03:13:32', '2021-08-15 03:13:32'),
(187, 'Voluptas cum laudantium aliquid velit velit et. Consequatur ipsa ut delectus autem ex iusto consectetur. Sed voluptate facilis laudantium quibusdam occaecati ut. Vel possimus omnis voluptas vitae.', 26, '2021-08-15 03:13:32', '2021-08-15 03:13:32'),
(188, 'Aliquid atque delectus molestiae accusantium rerum est adipisci. Atque tempora culpa autem et. Qui quo ex soluta quaerat corporis laudantium.', 74, '2021-08-15 03:13:32', '2021-08-15 03:13:32'),
(189, 'Nam est est aliquam doloribus dolore similique est. Et alias consequatur qui tenetur. Alias saepe adipisci qui dolorem culpa. Est sed odio qui excepturi dolorem natus.', 63, '2021-08-15 03:13:32', '2021-08-15 03:13:32'),
(190, 'Aperiam repudiandae voluptas accusantium minus rerum. Voluptatem ab excepturi modi est temporibus eligendi sit eius. Non quo ad ut quasi quibusdam eaque.', 14, '2021-08-15 03:13:32', '2021-08-15 03:13:32'),
(191, 'Est corporis eveniet est corrupti sit laboriosam qui ipsam. Necessitatibus omnis ipsam fuga in eum ut.', 189, '2021-08-15 03:13:32', '2021-08-15 03:13:32'),
(192, 'Ut rerum adipisci culpa labore. Aut voluptatem et sit quam consequatur. Qui fugit aut qui nobis. Est reprehenderit quia quo et nam dignissimos est.', 40, '2021-08-15 03:13:32', '2021-08-15 03:13:32'),
(193, 'A nesciunt totam dolores. Sed ut aut hic et. Eos unde qui occaecati dolores velit est. Aut voluptates doloribus expedita molestiae.', 154, '2021-08-15 03:13:32', '2021-08-15 03:13:32'),
(194, 'Rem ut qui tempore et corporis. Qui facere aut est odit magnam temporibus provident. Nam nemo aut odit nesciunt ea minima. Neque distinctio alias rerum nisi.', 105, '2021-08-15 03:13:32', '2021-08-15 03:13:32'),
(195, 'Quis dolorem eos consequatur qui. Odit et sequi quae esse iste consequuntur velit. Qui vel nemo ab consequatur. Ea cupiditate quos et.', 18, '2021-08-15 03:13:32', '2021-08-15 03:13:32'),
(196, 'Quasi voluptatibus perferendis omnis error debitis. Nemo reprehenderit non et aut dolorem voluptas fugiat iste. Est sint maiores molestias animi qui.', 155, '2021-08-15 03:13:33', '2021-08-15 03:13:33'),
(197, 'Officiis sint autem et vitae odio illo. Sint non laborum ipsam fugit aut. Corporis minima asperiores ut et voluptatem repudiandae et.', 23, '2021-08-15 03:13:33', '2021-08-15 03:13:33'),
(198, 'Exercitationem ratione veritatis fugit vel nostrum. Iusto natus et dolores et. Autem fugiat ad dignissimos velit velit est.', 144, '2021-08-15 03:13:33', '2021-08-15 03:13:33'),
(199, 'Tempore sunt quaerat repellat nisi sed. Harum consectetur voluptas autem id occaecati quia. Eveniet consequuntur quibusdam aliquid. Unde dolores voluptates optio alias voluptatem.', 198, '2021-08-15 03:13:33', '2021-08-15 03:13:33'),
(200, 'Quos et dolorem sit maiores molestiae dolores. Ratione natus sed nam similique mollitia error.', 90, '2021-08-15 03:13:33', '2021-08-15 03:13:33'),
(201, 'Voluptate ipsam quasi laudantium incidunt dolores recusandae facere. Provident est consequatur quas aperiam. Doloribus temporibus possimus et temporibus. Quasi ex rem perspiciatis quia.', 133, '2021-08-15 03:13:33', '2021-08-15 03:13:33'),
(202, 'Labore non ex aut voluptate sit. Sapiente ut ratione ipsam ut rerum. Exercitationem alias fuga tenetur et ducimus.', 182, '2021-08-15 03:13:33', '2021-08-15 03:13:33'),
(203, 'Quis vel reiciendis quia dolor. Quibusdam perspiciatis hic consequatur at error. Cumque ratione vitae aut tenetur. Sint in aut id ipsa est quo soluta.', 127, '2021-08-15 03:13:33', '2021-08-15 03:13:33'),
(204, 'Sed in tenetur itaque vero. Harum dolores et enim officia. Illo illum maxime consequatur eaque et. Soluta tempore odit vero maxime et commodi voluptas vel. Unde sunt aut aut.', 35, '2021-08-15 03:13:33', '2021-08-15 03:13:33'),
(205, 'Sed maiores est voluptates repellat et dolor et. Et commodi sunt corrupti itaque tempora consectetur vel. Harum delectus harum vitae voluptates culpa rerum dolores.', 124, '2021-08-15 03:13:33', '2021-08-15 03:13:33'),
(206, 'Aliquid tenetur mollitia consequatur doloribus. Dolores est ut sit iste. Quam id sapiente autem. Voluptatem est error vero. Aut est quidem porro facilis. Omnis magnam incidunt ipsum.', 192, '2021-08-15 03:13:33', '2021-08-15 03:13:33'),
(207, 'Voluptas vero enim rem ipsam tenetur. Id beatae nihil omnis omnis. Necessitatibus reprehenderit culpa facere est sequi quisquam esse nihil.', 102, '2021-08-15 03:13:34', '2021-08-15 03:13:34'),
(208, 'Eligendi possimus porro facere. Voluptas praesentium eaque porro et praesentium sit et. In reiciendis aliquid eum quo et enim. Velit explicabo totam ratione.', 5, '2021-08-15 03:13:34', '2021-08-15 03:13:34'),
(209, 'Quaerat corporis minima similique eius quibusdam. Sequi accusamus numquam illum.', 97, '2021-08-15 03:13:34', '2021-08-15 03:13:34'),
(210, 'Earum omnis repellendus qui velit corporis labore. Excepturi autem qui soluta animi sint quo. Iste laudantium omnis quis consequatur repellat delectus cumque.', 83, '2021-08-15 03:13:34', '2021-08-15 03:13:34'),
(211, 'Ut eveniet commodi voluptas voluptatem. Impedit ipsa ab sit est consequatur. Ut quia quibusdam qui aut deserunt aspernatur autem quibusdam. Quae qui ducimus alias quos consequatur.', 183, '2021-08-15 03:13:34', '2021-08-15 03:13:34'),
(212, 'Sint doloribus blanditiis fugiat sint. Tempora temporibus aut et assumenda quidem aliquid quis. Odio facere eos sequi perspiciatis quidem blanditiis. Facere soluta ipsa quidem optio et expedita.', 161, '2021-08-15 03:13:34', '2021-08-15 03:13:34'),
(213, 'Pariatur repellat non est nesciunt et perspiciatis. Labore blanditiis sequi veritatis. Temporibus quas voluptas sit. Quia nobis placeat architecto tenetur. Quam sed modi amet culpa.', 9, '2021-08-15 03:13:34', '2021-08-15 03:13:34'),
(214, 'Quo nihil quo quia corrupti. Enim quidem pariatur eveniet maiores eaque rerum pariatur. Quam repellendus omnis rerum consequatur est. Illum consequatur dolor eum ea tempora id.', 125, '2021-08-15 03:13:34', '2021-08-15 03:13:34'),
(215, 'Inventore unde nobis non. Similique dolorem aut nostrum quos nam ab. Fugit atque quam perspiciatis. Sunt eos laborum consequatur quo sed voluptates ipsa.', 45, '2021-08-15 03:13:34', '2021-08-15 03:13:34'),
(216, 'Consequatur quibusdam natus quia quia non. Sint minima ut deleniti voluptatibus et. Magni quia et molestiae ipsam ipsa laborum. Soluta atque qui eaque alias. Et laborum hic earum sunt.', 122, '2021-08-15 03:13:34', '2021-08-15 03:13:34'),
(217, 'Quibusdam qui cumque et laborum ut ipsa sapiente. Eos aut voluptas perspiciatis unde ducimus non. Ab error tenetur quis quam culpa vitae modi. Nihil voluptatem odio itaque voluptate saepe.', 198, '2021-08-15 03:13:34', '2021-08-15 03:13:34'),
(218, 'Praesentium velit dolor commodi inventore. Ducimus assumenda iste ut aliquid molestiae voluptatem nihil et.', 159, '2021-08-15 03:13:35', '2021-08-15 03:13:35'),
(219, 'Quae error labore ipsum ducimus officiis qui qui. Numquam distinctio adipisci commodi maiores rerum.', 74, '2021-08-15 03:13:35', '2021-08-15 03:13:35'),
(220, 'Ut consequuntur quod quae quo necessitatibus. Explicabo sint ea sed id officia. Non incidunt dolores aperiam est eius eius vitae.', 35, '2021-08-15 03:13:35', '2021-08-15 03:13:35'),
(221, 'Autem veniam earum consequatur asperiores alias. Similique ipsa sit est dolor suscipit omnis. Quia facere assumenda est ex eveniet quam.', 135, '2021-08-15 03:13:35', '2021-08-15 03:13:35'),
(222, 'Distinctio voluptatum distinctio consequatur quia possimus quod. Tempore consequatur ut harum nihil occaecati aut. Magni aut quam quis eum et dicta voluptatem.', 75, '2021-08-15 03:13:35', '2021-08-15 03:13:35'),
(223, 'Quos atque qui vel dolore delectus eligendi excepturi dolores. Expedita recusandae voluptas et ut doloribus velit consequatur. Numquam temporibus consectetur magnam omnis eveniet qui.', 91, '2021-08-15 03:13:35', '2021-08-15 03:13:35'),
(224, 'Reprehenderit libero voluptates totam animi perspiciatis est provident. Laboriosam rerum culpa adipisci tenetur et et.', 147, '2021-08-15 03:13:35', '2021-08-15 03:13:35'),
(225, 'Rem itaque expedita aut beatae. Nesciunt expedita nihil repellat quasi. Ipsam veniam illo veniam.', 93, '2021-08-15 03:13:36', '2021-08-15 03:13:36'),
(226, 'Fuga et eum qui. Minus alias nulla nihil debitis eum illo dignissimos et. Earum iure rerum provident tenetur qui minima sapiente explicabo.', 50, '2021-08-15 03:13:36', '2021-08-15 03:13:36'),
(227, 'Sit molestiae laborum et laudantium dolorem deserunt. Et minus recusandae eos consequatur neque laborum recusandae. Qui quae fuga recusandae enim qui sequi quis.', 67, '2021-08-15 03:13:36', '2021-08-15 03:13:36'),
(228, 'Minima officiis aut omnis voluptate voluptas. Quas provident laboriosam ipsum. Maiores rerum qui autem.', 34, '2021-08-15 03:13:36', '2021-08-15 03:13:36'),
(229, 'Quaerat perferendis libero sint. Recusandae nobis voluptatem non nesciunt suscipit et. Non aliquid consequatur sed et.', 124, '2021-08-15 03:13:36', '2021-08-15 03:13:36'),
(230, 'Praesentium in quia voluptas assumenda odit earum veritatis. Et minus et ut voluptatum. Aspernatur est est a et perspiciatis delectus qui itaque. Nihil atque culpa mollitia dolorem doloremque.', 51, '2021-08-15 03:13:36', '2021-08-15 03:13:36'),
(231, 'Excepturi neque non facere suscipit totam possimus nihil occaecati. Ipsum illum necessitatibus itaque ut molestiae libero optio aut. Labore facere tempora magnam voluptatibus.', 13, '2021-08-15 03:13:36', '2021-08-15 03:13:36'),
(232, 'Consequuntur eum in possimus at est enim. Ea et modi totam autem. Officiis numquam dignissimos qui est ex ipsam.', 52, '2021-08-15 03:13:36', '2021-08-15 03:13:36'),
(233, 'Culpa omnis fugiat similique nam quisquam. Dolor illo fugiat et in aliquid a. Quam illum repellat et neque quibusdam debitis nesciunt.', 139, '2021-08-15 03:13:37', '2021-08-15 03:13:37'),
(234, 'Deleniti at nesciunt dolorem amet tempore rerum est. Ut eum illum commodi ipsum quo tenetur et.', 41, '2021-08-15 03:13:37', '2021-08-15 03:13:37'),
(235, 'Expedita libero similique molestiae provident. Commodi totam ab voluptas neque nam exercitationem enim. Corrupti sint illum aut eum. Perferendis quisquam ducimus voluptas aliquam ipsam.', 23, '2021-08-15 03:13:37', '2021-08-15 03:13:37'),
(236, 'Beatae atque quas sed eligendi. Voluptatibus eligendi sed distinctio quam et a tenetur. Molestias enim at placeat porro sed quos.', 129, '2021-08-15 03:13:37', '2021-08-15 03:13:37'),
(237, 'Expedita molestiae mollitia eum hic provident est. Qui nisi sapiente est assumenda eos dicta mollitia. Sit dolor omnis ratione dolores ut culpa ea. Repellendus autem sed qui tenetur quidem veritatis.', 104, '2021-08-15 03:13:37', '2021-08-15 03:13:37'),
(238, 'Repellat saepe sed dolorum. Saepe atque officia ab corrupti molestiae placeat. Qui aut ut unde veritatis. Aspernatur veritatis aspernatur sit ad.', 102, '2021-08-15 03:13:37', '2021-08-15 03:13:37'),
(239, 'Impedit blanditiis cum qui quia. Sunt perspiciatis quas iure enim. Ducimus voluptatem enim saepe ullam ut quae.', 81, '2021-08-15 03:13:37', '2021-08-15 03:13:37');
INSERT INTO `comments` (`id`, `comment`, `post_id`, `created_at`, `updated_at`) VALUES
(240, 'Ut blanditiis voluptatem et ratione. Doloremque provident consequatur dolorem error quam consequatur et. Sit facere consequatur provident aut. Fugit ut voluptates esse est aliquam voluptates.', 41, '2021-08-15 03:13:37', '2021-08-15 03:13:37'),
(241, 'Maxime mollitia incidunt porro omnis dolores et sit id. Incidunt fugit commodi eaque. Aliquam in facilis ut iste dolore aut porro. Voluptas rerum consequatur illum et ducimus.', 110, '2021-08-15 03:13:37', '2021-08-15 03:13:37'),
(242, 'Possimus porro voluptate velit voluptatem non est adipisci. Et et enim porro et. Sapiente id ea quos voluptatem fugiat facilis consequuntur sit.', 6, '2021-08-15 03:13:38', '2021-08-15 03:13:38'),
(243, 'Adipisci hic id laborum adipisci et. Animi quis veritatis voluptatem et blanditiis. Reprehenderit rerum numquam reprehenderit quia voluptates voluptatum cum. Exercitationem modi autem esse.', 49, '2021-08-15 03:13:38', '2021-08-15 03:13:38'),
(244, 'Debitis assumenda et eius. Consequatur aut est et deleniti eveniet doloremque aperiam. Et expedita consequatur repellendus aut et non nihil.', 9, '2021-08-15 03:13:38', '2021-08-15 03:13:38'),
(245, 'Sed nulla sint quidem distinctio quia dolores vel. Beatae officia animi et doloribus quos nesciunt. Commodi tenetur et deserunt rem est omnis dolorem eaque. Voluptatem facere rerum labore quas.', 12, '2021-08-15 03:13:38', '2021-08-15 03:13:38'),
(246, 'Neque error consequatur accusamus eius veniam. Distinctio quaerat cupiditate consequatur blanditiis modi sunt. Quia dolores natus dolores corporis. Est at incidunt dolores amet.', 122, '2021-08-15 03:13:38', '2021-08-15 03:13:38'),
(247, 'Voluptatem molestiae expedita consequuntur molestiae dolore. Natus minus temporibus rerum eos esse. Dolorem sequi porro quisquam voluptas. Omnis cupiditate ipsa enim et sed ipsa amet.', 188, '2021-08-15 03:13:38', '2021-08-15 03:13:38'),
(248, 'Non itaque exercitationem aliquam et. Id laborum minus voluptatum dolor neque eligendi recusandae.', 100, '2021-08-15 03:13:38', '2021-08-15 03:13:38'),
(249, 'Quia magnam est temporibus aut et modi quo. Totam iusto laudantium nemo ea eum architecto labore.', 172, '2021-08-15 03:13:38', '2021-08-15 03:13:38'),
(250, 'Et rerum itaque rerum similique aliquid. Hic alias corporis exercitationem repudiandae. Suscipit autem aperiam facilis deserunt.', 182, '2021-08-15 03:13:38', '2021-08-15 03:13:38'),
(251, 'Repellendus explicabo nihil sapiente est qui sunt omnis non. Qui quae dolorem aspernatur iusto. Iure exercitationem atque sit eligendi enim accusamus eveniet eligendi.', 167, '2021-08-15 03:13:39', '2021-08-15 03:13:39'),
(252, 'Saepe sunt cumque ut aut qui. Illo unde quasi quae distinctio tempora eos sapiente. Et animi amet aliquam animi commodi.', 96, '2021-08-15 03:13:39', '2021-08-15 03:13:39'),
(253, 'Ut quam est occaecati qui eveniet. Optio in cum quaerat illum nulla eum. Molestiae voluptatem rem ex possimus pariatur officia quibusdam quia.', 78, '2021-08-15 03:13:39', '2021-08-15 03:13:39'),
(254, 'Dolore porro dolorem hic quia placeat doloremque sit. Earum vero assumenda nihil sunt et. Soluta enim quis veniam cupiditate inventore possimus non possimus.', 99, '2021-08-15 03:13:39', '2021-08-15 03:13:39'),
(255, 'Maiores debitis nemo earum saepe aperiam nihil. Maxime dolorem sunt et modi aut. At sit ipsum vero velit consequatur.', 20, '2021-08-15 03:13:39', '2021-08-15 03:13:39'),
(256, 'Earum consequatur nisi sint officia. Non deserunt sed nam. Consequatur distinctio amet voluptas minima. Repellat aut sint quae mollitia.', 86, '2021-08-15 03:13:39', '2021-08-15 03:13:39'),
(257, 'Sapiente dicta ipsam vel. Qui beatae et rerum velit. Voluptas cupiditate natus quis. Dolorem sed consequatur ab porro. Quo voluptatibus earum ipsam est. Nihil dolor occaecati voluptatem possimus.', 170, '2021-08-15 03:13:39', '2021-08-15 03:13:39'),
(258, 'Sequi natus nemo sint modi. Qui quibusdam voluptatem rerum a dolores earum. Reiciendis odit totam omnis rerum et atque repudiandae. Perferendis eos ut et et quas est error. Omnis qui qui sed eius.', 197, '2021-08-15 03:13:39', '2021-08-15 03:13:39'),
(259, 'Dolorem ut quibusdam ut magnam numquam pariatur iusto. Enim tenetur veniam eum ex. Nam dicta in modi quis veritatis. Omnis ut sed velit.', 25, '2021-08-15 03:13:39', '2021-08-15 03:13:39'),
(260, 'Consequatur dolore velit illum ex iure. Voluptatem aut dolor nisi consequuntur omnis et. Temporibus sit fugit repellendus est et facere. Aut consequatur suscipit ipsa eum omnis.', 111, '2021-08-15 03:13:39', '2021-08-15 03:13:39'),
(261, 'Dolores accusantium esse quisquam laborum. Necessitatibus molestias vel sed animi est. Illo sapiente dolore officia sapiente non aut minus. Ipsum qui odit et dignissimos.', 64, '2021-08-15 03:13:40', '2021-08-15 03:13:40'),
(262, 'Tenetur a nobis illum qui. Ullam quis sed quia doloribus beatae asperiores rerum animi. Quaerat suscipit consequuntur dolorem tempora quo facilis. Omnis error ipsam veniam repudiandae aut qui.', 53, '2021-08-15 03:13:40', '2021-08-15 03:13:40'),
(263, 'Aut saepe et et omnis. Non accusantium quod est ab et. Non veniam sint accusantium doloremque in enim.', 124, '2021-08-15 03:13:40', '2021-08-15 03:13:40'),
(264, 'Soluta quis animi tempore mollitia ea blanditiis nihil. Ullam totam quia expedita distinctio. Sint ut aperiam et. Et aliquam incidunt quisquam est ut.', 38, '2021-08-15 03:13:40', '2021-08-15 03:13:40'),
(265, 'Deserunt tenetur dolor reiciendis dolorum. Quasi sunt sed alias et. Reiciendis dolorum mollitia soluta voluptatum molestias quo numquam veniam.', 145, '2021-08-15 03:13:40', '2021-08-15 03:13:40'),
(266, 'Qui dolores culpa et minima recusandae aliquid ea. Et modi nobis ratione officia. Possimus architecto consequuntur corporis qui. Ratione at modi corrupti omnis rerum praesentium.', 151, '2021-08-15 03:13:40', '2021-08-15 03:13:40'),
(267, 'At hic et itaque voluptates optio voluptas. Laudantium voluptatem velit hic incidunt architecto eum quia facere. Eum a delectus autem quia reprehenderit eum aut.', 76, '2021-08-15 03:13:40', '2021-08-15 03:13:40'),
(268, 'Numquam ea provident illo illo ad. Deleniti quod numquam voluptatibus. Tenetur amet quo nihil. Ea accusantium architecto eum magni aut porro. Ipsam aliquid autem reiciendis laboriosam.', 52, '2021-08-15 03:13:41', '2021-08-15 03:13:41'),
(269, 'Incidunt aut voluptatem pariatur libero et asperiores quia. Ducimus mollitia tempora qui odit. Sed reprehenderit maiores eaque minima minus accusantium ut aut. Veritatis et architecto excepturi.', 146, '2021-08-15 03:13:42', '2021-08-15 03:13:42'),
(270, 'Et excepturi nihil excepturi sit et esse odio. Voluptatem qui quidem ut omnis est neque rem. Mollitia beatae dicta odio. Iusto qui et voluptate placeat vitae.', 94, '2021-08-15 03:13:42', '2021-08-15 03:13:42'),
(271, 'Iste qui iste eaque rerum aliquid. Nihil aut et dolorum qui nobis aspernatur ad. Exercitationem earum numquam dicta ipsa fuga quo libero nam. Dolores voluptatum beatae vel. Qui illum earum iure.', 36, '2021-08-15 03:13:42', '2021-08-15 03:13:42'),
(272, 'Ipsum vero amet debitis eos voluptas consectetur vitae. Fugiat quia pariatur optio asperiores. Natus itaque dignissimos quidem corporis necessitatibus eos dolor.', 31, '2021-08-15 03:13:42', '2021-08-15 03:13:42'),
(273, 'Temporibus voluptas ea omnis aut in. Est voluptatem sed accusamus ex sed. Suscipit quibusdam enim eligendi praesentium optio. Praesentium voluptates aspernatur doloremque amet illo nihil a.', 3, '2021-08-15 03:13:43', '2021-08-15 03:13:43'),
(274, 'Et in illo et vitae sed qui. Possimus dicta quos ratione veritatis amet architecto magni. Quidem dicta facere adipisci voluptatem. Cum facere omnis culpa commodi nulla perferendis.', 192, '2021-08-15 03:13:43', '2021-08-15 03:13:43'),
(275, 'Ipsum nulla nihil ut corporis. Praesentium doloremque sint molestiae sed ducimus eveniet. Quae est deleniti et voluptatem est velit et. Iste iusto quod possimus consectetur neque.', 177, '2021-08-15 03:13:43', '2021-08-15 03:13:43'),
(276, 'Eligendi voluptate et praesentium. Quo enim ad illo voluptatum. Sit tempora et error aut. Vero magni magni sequi architecto. Autem expedita iusto dolor aut earum.', 156, '2021-08-15 03:13:43', '2021-08-15 03:13:43'),
(277, 'Voluptatem sint ab ut asperiores. Enim quod sunt nihil doloribus et. Libero numquam eum hic et et eos. Pariatur pariatur consequatur dolor laboriosam.', 7, '2021-08-15 03:13:43', '2021-08-15 03:13:43'),
(278, 'Ea ducimus rerum natus officiis. Cum fugit quam consequatur placeat rerum dolores necessitatibus. Tempora fugit odit id incidunt quia beatae. Sint quo ut incidunt sed dolor eligendi vel.', 38, '2021-08-15 03:13:43', '2021-08-15 03:13:43'),
(279, 'Fuga eum est deleniti voluptate. Rerum non at dolores. Maiores quaerat amet repellat omnis. Eius veniam laboriosam neque eum nesciunt ullam. Ut totam culpa quis facere itaque.', 199, '2021-08-15 03:13:43', '2021-08-15 03:13:43'),
(280, 'Mollitia in hic quisquam commodi cumque id eum. Esse et ullam accusamus repellat aut quo.', 36, '2021-08-15 03:13:43', '2021-08-15 03:13:43'),
(281, 'Debitis minus corporis est sit ipsum. Et cupiditate quia tempora velit et dolores. Optio nihil quisquam qui quam ut.', 53, '2021-08-15 03:13:43', '2021-08-15 03:13:43'),
(282, 'Odio illo asperiores accusamus. Voluptatem voluptatibus ab velit quod. Itaque aut tempore eum odio occaecati accusamus repudiandae.', 146, '2021-08-15 03:13:43', '2021-08-15 03:13:43'),
(283, 'Dolorem autem amet est beatae. Perferendis quod non officiis aut atque est. Debitis accusamus accusantium est aut sed sunt. Quibusdam molestias ea sit molestiae.', 111, '2021-08-15 03:13:43', '2021-08-15 03:13:43'),
(284, 'Reprehenderit expedita a cumque perferendis debitis. Omnis cupiditate nostrum est voluptas magnam ut. Inventore mollitia delectus voluptas qui laborum et.', 108, '2021-08-15 03:13:43', '2021-08-15 03:13:43'),
(285, 'Aperiam quia ut tenetur. Veniam et laborum illo. Quia eos ut sapiente aperiam libero. Optio similique dicta ut dolorem ut.', 52, '2021-08-15 03:13:44', '2021-08-15 03:13:44'),
(286, 'Quia temporibus dicta corrupti porro. Nobis temporibus eum sunt a. Qui eveniet enim sed exercitationem rerum vel. Incidunt dicta aut dignissimos velit.', 41, '2021-08-15 03:13:44', '2021-08-15 03:13:44'),
(287, 'Ab quas dolor soluta facilis. Laudantium rerum dolor vitae totam sunt. Quaerat non inventore amet.', 139, '2021-08-15 03:13:44', '2021-08-15 03:13:44'),
(288, 'Sit voluptatem quae ducimus esse quasi. Ut illo dolorem impedit ut qui. Maxime velit sapiente qui. Ab voluptatem et dolor quibusdam. Consequuntur quam molestias eos laborum et corporis.', 15, '2021-08-15 03:13:44', '2021-08-15 03:13:44'),
(289, 'Consequuntur veritatis expedita dolores non quo qui dolorem omnis. Consequatur quos ipsa quis explicabo porro veniam autem. Suscipit in molestiae fuga et dolor.', 115, '2021-08-15 03:13:44', '2021-08-15 03:13:44'),
(290, 'Modi est qui voluptate optio tenetur. Ipsa et quas doloribus quia iure. Esse neque quisquam sed.', 130, '2021-08-15 03:13:44', '2021-08-15 03:13:44'),
(291, 'Esse enim natus tempore nam illo. Quasi veniam voluptatem quod occaecati modi quaerat sequi. Omnis qui officiis sed dolor et. Facere quibusdam deleniti molestiae et quo rem ut.', 49, '2021-08-15 03:13:44', '2021-08-15 03:13:44'),
(292, 'Et quaerat vero corrupti autem. Earum at vel corrupti id quod labore. Perspiciatis soluta eligendi tempore minima repellendus.', 117, '2021-08-15 03:13:44', '2021-08-15 03:13:44'),
(293, 'Et asperiores reiciendis perferendis doloribus. Eaque voluptatem quis molestias a sapiente sunt dolor qui. Iure eos sunt aut non unde. Quisquam vero deserunt deserunt et.', 150, '2021-08-15 03:13:44', '2021-08-15 03:13:44'),
(294, 'Quas eum quo similique hic libero animi et. Vel et omnis tenetur tempore doloremque expedita. Vero quasi sint enim modi at rem eligendi eos. Adipisci impedit enim accusantium id sit vitae.', 190, '2021-08-15 03:13:44', '2021-08-15 03:13:44'),
(295, 'Consectetur est excepturi repellat fuga voluptates expedita. Molestias possimus adipisci sequi vero earum. Et vitae voluptatem vero beatae nisi.', 5, '2021-08-15 03:13:44', '2021-08-15 03:13:44'),
(296, 'Ad iste debitis nihil nesciunt est vitae. Mollitia magnam at et. Tempora possimus ducimus saepe velit esse.', 142, '2021-08-15 03:13:44', '2021-08-15 03:13:44'),
(297, 'Quo et consectetur et rerum quae. Perferendis ut aut quia enim ab totam totam. Rerum corrupti eius sit ea ad officia. Sit ipsa eaque unde aut. Aut porro non aut fugit corporis officia.', 182, '2021-08-15 03:13:45', '2021-08-15 03:13:45'),
(298, 'Dolor velit sed et eaque necessitatibus reiciendis molestias. Qui suscipit ut architecto animi est sapiente. Ea fugiat exercitationem et ea.', 153, '2021-08-15 03:13:45', '2021-08-15 03:13:45'),
(299, 'Quisquam aliquid dolore ducimus. Rem commodi voluptatem est accusantium voluptas. Laudantium necessitatibus rerum id qui laborum.', 12, '2021-08-15 03:13:45', '2021-08-15 03:13:45'),
(300, 'Possimus ut ad quibusdam. Qui consequuntur excepturi alias eaque reiciendis qui. Recusandae ratione quod quam commodi sed eveniet. Id mollitia tempora expedita vero culpa recusandae possimus.', 54, '2021-08-15 03:13:45', '2021-08-15 03:13:45'),
(301, 'Libero officia et dolorem in deleniti. Voluptatum alias voluptatem aut aut dolorem. Sequi occaecati eveniet corrupti ipsum quia nulla autem. Quo et enim et.', 83, '2021-08-15 03:13:45', '2021-08-15 03:13:45'),
(302, 'Quae eos consequuntur asperiores voluptatem quo deleniti. Consequuntur esse accusantium recusandae. Enim vel quo nostrum id.', 113, '2021-08-15 03:13:45', '2021-08-15 03:13:45'),
(303, 'Animi quas quae consequatur assumenda accusantium rerum. Est qui consequatur eveniet. Cumque aut cumque officiis omnis. Facere cupiditate odit omnis ipsam itaque dolor nisi.', 126, '2021-08-15 03:13:45', '2021-08-15 03:13:45'),
(304, 'Quisquam aut blanditiis provident nemo rem et nostrum. Molestias voluptatibus ea dolores temporibus assumenda provident deserunt. Non commodi veritatis sed deleniti dolores repudiandae est.', 51, '2021-08-15 03:13:45', '2021-08-15 03:13:45'),
(305, 'Consectetur ipsa omnis architecto. Totam est sit molestiae quidem sit veritatis recusandae. Libero dolores delectus enim voluptas suscipit inventore aut. Saepe placeat quo fugit dicta.', 13, '2021-08-15 03:13:45', '2021-08-15 03:13:45'),
(306, 'Aut est in eum. Odit molestias tempore repudiandae quibusdam vel. Possimus ut odio magnam cum.', 76, '2021-08-15 03:13:45', '2021-08-15 03:13:45'),
(307, 'Quidem optio rerum est illo molestias voluptas. Molestias et voluptas officia. Asperiores et et nulla et voluptatem magnam sunt. Est ea sed voluptas illo.', 91, '2021-08-15 03:13:45', '2021-08-15 03:13:45'),
(308, 'Corrupti nihil temporibus velit cumque. Accusamus in modi earum voluptatem. Possimus fuga aut officia nesciunt est iste laboriosam consectetur.', 2, '2021-08-15 03:13:45', '2021-08-15 03:13:45'),
(309, 'Qui quisquam molestiae eum et. Sequi quidem eveniet et. Qui ut placeat ipsa voluptas eveniet sit.', 200, '2021-08-15 03:13:45', '2021-08-15 03:13:45'),
(310, 'Adipisci iure vel dolor eos modi. Ipsam amet voluptas eius reprehenderit atque dolore ut. Velit sed esse nam ducimus. Aut doloribus ipsam est enim enim esse reprehenderit.', 89, '2021-08-15 03:13:46', '2021-08-15 03:13:46'),
(311, 'Odit voluptatem magnam possimus culpa. Neque est consequatur nesciunt culpa sapiente accusantium sit eos. Delectus qui consequuntur veniam. Occaecati ipsum illo iure.', 49, '2021-08-15 03:13:46', '2021-08-15 03:13:46'),
(312, 'Eveniet eligendi quidem culpa eum facilis architecto quo. Voluptatem dolores aliquid perferendis dignissimos. Rerum recusandae qui fugit porro porro.', 172, '2021-08-15 03:13:46', '2021-08-15 03:13:46'),
(313, 'In ut doloremque dolore dicta amet quae recusandae natus. Ipsa maiores voluptatum minima laborum explicabo totam quis. Ratione similique sint delectus repudiandae iusto.', 33, '2021-08-15 03:13:46', '2021-08-15 03:13:46'),
(314, 'Molestias deleniti sed deserunt vero eius incidunt. Blanditiis occaecati amet numquam natus debitis totam consequatur quia. Exercitationem tempore doloremque fugit unde voluptatum adipisci.', 118, '2021-08-15 03:13:46', '2021-08-15 03:13:46'),
(315, 'Dolore suscipit aut qui inventore illo. Qui aut ad dolores incidunt. Molestias nihil architecto dolorem molestias natus est qui.', 114, '2021-08-15 03:13:46', '2021-08-15 03:13:46'),
(316, 'Earum ut magni est beatae temporibus. Explicabo asperiores voluptates quis mollitia quas eum inventore. Rem blanditiis officia quae id. Sit mollitia ut architecto ad et.', 80, '2021-08-15 03:13:46', '2021-08-15 03:13:46'),
(317, 'Eos illum magni eos incidunt. Voluptatem et aperiam et deserunt unde consequuntur et. Eveniet maiores velit odit veniam alias. Quas est quos numquam sapiente autem quaerat animi.', 43, '2021-08-15 03:13:46', '2021-08-15 03:13:46'),
(318, 'Ipsa qui illum dolorum alias sit. Aut officiis voluptatem cumque placeat quo. Quisquam rerum sunt sed sit iste. Beatae accusantium cupiditate nesciunt fuga.', 91, '2021-08-15 03:13:46', '2021-08-15 03:13:46'),
(319, 'Qui eum sit ullam repellendus. Repellat fugit sint quo commodi et. Iusto maiores officia id sed sed quo. Eos saepe aut modi quia sint laborum quos.', 111, '2021-08-15 03:13:46', '2021-08-15 03:13:46'),
(320, 'Qui et ad vero quo quo sed. Officiis consequuntur omnis quia hic sed et. Quo aut iusto tempore et nesciunt aut error. Incidunt quasi iure et.', 119, '2021-08-15 03:13:46', '2021-08-15 03:13:46'),
(321, 'Sint aut quia fugiat eius. Praesentium fuga eligendi placeat quia unde delectus rerum. Explicabo rerum placeat voluptates quam.', 193, '2021-08-15 03:13:46', '2021-08-15 03:13:46'),
(322, 'Magnam et vel ex non voluptas. Voluptate animi modi repellat natus enim. Incidunt reiciendis blanditiis voluptas. Aliquam ipsum beatae quia.', 116, '2021-08-15 03:13:47', '2021-08-15 03:13:47'),
(323, 'Ea dolore possimus suscipit ut pariatur est. Quasi quas sit deserunt recusandae quibusdam aliquid molestiae. Eaque est ullam at blanditiis.', 166, '2021-08-15 03:13:47', '2021-08-15 03:13:47'),
(324, 'Incidunt sit voluptatem vero blanditiis. Velit ipsum neque natus vero tempora. Eaque dolorem voluptatem aliquam voluptas. Distinctio maxime deserunt atque.', 193, '2021-08-15 03:13:47', '2021-08-15 03:13:47'),
(325, 'Explicabo illo nobis dolorem facilis consequatur facere dolorem qui. Non dolores laboriosam ex inventore nobis. Doloremque voluptatem odio quae. Tenetur et ut aperiam error.', 33, '2021-08-15 03:13:47', '2021-08-15 03:13:47'),
(326, 'Tenetur ad aperiam impedit cumque quia rerum natus. Distinctio qui sit est doloribus exercitationem aut. Non ea saepe voluptatem vero ut praesentium fugiat.', 34, '2021-08-15 03:13:47', '2021-08-15 03:13:47'),
(327, 'Et consectetur dicta expedita et aliquam est. Quo eum quia exercitationem cum. Iste pariatur rerum corporis nihil ut ipsum.', 76, '2021-08-15 03:13:47', '2021-08-15 03:13:47'),
(328, 'Perspiciatis nemo distinctio dolor quidem culpa non corporis. Et nesciunt voluptates facilis qui enim. Velit facilis ut velit molestiae placeat aliquam voluptates.', 178, '2021-08-15 03:13:47', '2021-08-15 03:13:47'),
(329, 'Illum et et nemo quidem. Est molestiae ea rerum officia accusantium nisi. Velit eos consequatur excepturi autem. Quaerat consequuntur inventore laboriosam in.', 4, '2021-08-15 03:13:47', '2021-08-15 03:13:47'),
(330, 'Qui ipsa consequatur atque et velit cupiditate. Nisi beatae ea nisi voluptas ipsam distinctio.', 68, '2021-08-15 03:13:47', '2021-08-15 03:13:47'),
(331, 'Saepe voluptatem autem eos cupiditate itaque non. Ipsam ut doloremque voluptatum neque sint voluptatem voluptas consequuntur. Modi odio sequi et. Illo similique alias magni beatae commodi pariatur.', 89, '2021-08-15 03:13:48', '2021-08-15 03:13:48'),
(332, 'Ut est et eos ut et. Assumenda quia ut eos nihil consequatur quae. Nobis ipsa saepe qui vitae.', 70, '2021-08-15 03:13:48', '2021-08-15 03:13:48'),
(333, 'Veritatis voluptatem quia expedita optio aliquid veritatis qui. Fugiat delectus cupiditate laboriosam rerum quo ut nihil amet. Autem beatae magni laboriosam eaque ut nulla veniam.', 76, '2021-08-15 03:13:48', '2021-08-15 03:13:48'),
(334, 'Nobis iste quas commodi qui aperiam. Ex sunt exercitationem iure delectus et accusamus. Laboriosam quos laudantium eum neque. Sequi quis ab est doloremque.', 83, '2021-08-15 03:13:48', '2021-08-15 03:13:48'),
(335, 'Doloribus officiis harum corporis dolorem. Asperiores error accusamus temporibus saepe cum aliquid. Quo labore ea dolore aspernatur fuga molestiae. Repellendus illo iure est et iste ipsam pariatur.', 197, '2021-08-15 03:13:48', '2021-08-15 03:13:48'),
(336, 'Qui quibusdam debitis ut tempora omnis maiores est. Sunt voluptatum molestiae in. Soluta similique soluta necessitatibus maiores rerum molestias magni. Quidem quos atque vel aut rerum unde nisi.', 137, '2021-08-15 03:13:48', '2021-08-15 03:13:48'),
(337, 'Deserunt repudiandae ullam cupiditate ratione. Eaque est magnam voluptates eaque exercitationem. Rem aperiam odit non aperiam minima non. Et quasi voluptatibus porro natus ex.', 109, '2021-08-15 03:13:48', '2021-08-15 03:13:48'),
(338, 'At dolor quam et harum temporibus qui quis. Natus ad iure provident voluptas. Sint illo dicta voluptate consequatur. Doloremque sint nobis quia neque.', 9, '2021-08-15 03:13:48', '2021-08-15 03:13:48'),
(339, 'Sunt qui error maxime expedita reiciendis et harum. Nesciunt id et dolor magni. Odit est reiciendis incidunt est laudantium. Consequuntur iste quisquam a accusantium doloribus quis molestiae.', 76, '2021-08-15 03:13:48', '2021-08-15 03:13:48'),
(340, 'Ratione ea voluptatibus ducimus quia inventore et quia explicabo. Similique est inventore neque. Et et expedita deleniti neque vel.', 195, '2021-08-15 03:13:48', '2021-08-15 03:13:48'),
(341, 'Quae quia voluptatibus dolore id placeat odio temporibus. Id molestias magni illo.', 65, '2021-08-15 03:13:48', '2021-08-15 03:13:48'),
(342, 'Necessitatibus ut autem ut. Reprehenderit necessitatibus et nesciunt numquam. Quo est dicta commodi sit laudantium ullam ea.', 34, '2021-08-15 03:13:48', '2021-08-15 03:13:48'),
(343, 'Sed molestiae voluptatem nihil eius sunt. Quas maiores nemo est exercitationem. Laborum et amet ut officiis quidem nostrum quia recusandae. Nemo illum sint alias assumenda ad quam omnis iste.', 196, '2021-08-15 03:13:49', '2021-08-15 03:13:49'),
(344, 'Tempore esse tenetur nostrum voluptates dolorem. Facere dolores commodi et praesentium est. Quisquam omnis dignissimos omnis tempora dolorem. Laborum provident omnis aut voluptates.', 155, '2021-08-15 03:13:49', '2021-08-15 03:13:49'),
(345, 'Nesciunt cupiditate impedit eum magni adipisci ut quae. Fuga quam dolores dolorem doloremque sunt adipisci culpa eos. Reiciendis at possimus temporibus.', 119, '2021-08-15 03:13:49', '2021-08-15 03:13:49'),
(346, 'Qui voluptatem assumenda sit nostrum reprehenderit. Corporis aut sed debitis et. Amet enim cumque vero modi hic.', 51, '2021-08-15 03:13:49', '2021-08-15 03:13:49'),
(347, 'Itaque fugiat odit dolor adipisci officiis alias. Sed ex sequi ut omnis qui. Voluptates soluta illum vel. Recusandae modi perferendis sed voluptatibus molestiae qui.', 70, '2021-08-15 03:13:49', '2021-08-15 03:13:49'),
(348, 'Ipsum maxime odit aut nam exercitationem molestias. Placeat esse cupiditate maiores et quisquam. Impedit qui dolore earum reprehenderit ullam aliquam.', 108, '2021-08-15 03:13:49', '2021-08-15 03:13:49'),
(349, 'Voluptas quasi et eaque eaque error. Quia aut suscipit sit debitis ea eos fugit. Et fugiat et sint et.', 120, '2021-08-15 03:13:49', '2021-08-15 03:13:49'),
(350, 'Architecto molestias dolor magni magni qui. Voluptatem id architecto molestiae in. Molestiae earum enim perferendis et quia similique facilis ipsum. Quis non explicabo repudiandae aut dicta nulla.', 188, '2021-08-15 03:13:49', '2021-08-15 03:13:49'),
(351, 'Voluptas ipsum at odio est. Qui sapiente optio voluptate debitis natus. Mollitia et qui earum eos ad quasi modi.', 189, '2021-08-15 03:13:49', '2021-08-15 03:13:49'),
(352, 'Nihil praesentium inventore impedit illum. Eum optio nulla harum totam iste totam itaque. Quia eius expedita amet rerum quasi deleniti. Sint sit eius distinctio labore atque quia harum.', 143, '2021-08-15 03:13:50', '2021-08-15 03:13:50'),
(353, 'Omnis atque accusantium ipsa ut officia. Occaecati cum quis id ut. Deleniti consectetur velit molestiae minus repellat quasi rem.', 84, '2021-08-15 03:13:50', '2021-08-15 03:13:50'),
(354, 'Neque occaecati sint est fugit nemo. Dolorem et ut fugiat harum dolor. Aut minima et ab modi.', 3, '2021-08-15 03:13:50', '2021-08-15 03:13:50'),
(355, 'Possimus facere quis asperiores delectus iste quos. Nostrum vero ut nisi eos itaque illum. Rerum in repellat cumque hic.', 37, '2021-08-15 03:13:50', '2021-08-15 03:13:50'),
(356, 'Perferendis reprehenderit labore illo officia ut autem sunt omnis. Maxime ea impedit aut necessitatibus velit et. Vel dolor et numquam ad error repudiandae omnis.', 39, '2021-08-15 03:13:50', '2021-08-15 03:13:50'),
(357, 'Adipisci quis nulla quasi est. Sequi quam nihil similique soluta. Similique architecto ut quia vitae.', 189, '2021-08-15 03:13:50', '2021-08-15 03:13:50'),
(358, 'Eos neque distinctio dolorum et. In mollitia nisi eligendi alias nostrum aperiam. Laudantium ut commodi dolores est doloremque doloremque.', 50, '2021-08-15 03:13:50', '2021-08-15 03:13:50'),
(359, 'Eum ut provident est ipsa minima quo. Soluta consectetur incidunt est animi qui nam. Quis alias excepturi modi qui enim. Ullam sint consequatur blanditiis unde odio voluptate rerum nostrum.', 109, '2021-08-15 03:13:51', '2021-08-15 03:13:51'),
(360, 'Fugiat culpa aliquid sed ea. Odit repudiandae corrupti impedit sunt.', 171, '2021-08-15 03:13:51', '2021-08-15 03:13:51'),
(361, 'Nostrum quia fuga et voluptas vel quos officiis. Ea blanditiis necessitatibus cupiditate rem non omnis id. Omnis facilis soluta veritatis dolorem velit sunt et. Mollitia omnis facere veniam aut.', 101, '2021-08-15 03:13:51', '2021-08-15 03:13:51'),
(362, 'Reiciendis quo sunt numquam. Dolores autem aut explicabo quaerat voluptate minima. Quis ut nihil dolores rerum error et.', 11, '2021-08-15 03:13:51', '2021-08-15 03:13:51'),
(363, 'In perspiciatis ipsum veniam architecto nisi doloribus. Amet odit earum non dolores sint. Aut omnis tenetur architecto culpa. Id culpa iure accusamus earum cum necessitatibus.', 160, '2021-08-15 03:13:51', '2021-08-15 03:13:51'),
(364, 'Provident totam hic in esse. Eum possimus labore in minus maxime. Nesciunt id sunt maxime similique.', 82, '2021-08-15 03:13:51', '2021-08-15 03:13:51'),
(365, 'Voluptatem occaecati enim possimus. Quia et veniam cumque voluptatem natus dolorum qui sit. Dolore sint quo numquam quasi eaque dolorem.', 118, '2021-08-15 03:13:51', '2021-08-15 03:13:51'),
(366, 'Et sint magnam reiciendis consequuntur atque et et enim. Molestias placeat rem architecto commodi voluptas. Animi nihil consequatur est ducimus.', 121, '2021-08-15 03:13:51', '2021-08-15 03:13:51'),
(367, 'Modi voluptatem omnis iure ut. Est pariatur vitae aut. Eos accusamus pariatur sunt quia omnis aut voluptatem. Voluptas autem dicta et pariatur quas.', 99, '2021-08-15 03:13:51', '2021-08-15 03:13:51'),
(368, 'Veniam ut qui iusto ut ea vel autem aut. Molestias expedita et dolore incidunt corporis.', 19, '2021-08-15 03:13:51', '2021-08-15 03:13:51'),
(369, 'Iure impedit et repellendus dolor eligendi odit beatae. Est dolor cupiditate reiciendis aut doloribus ratione non.', 11, '2021-08-15 03:13:51', '2021-08-15 03:13:51'),
(370, 'Placeat nemo consectetur nihil nesciunt inventore. Sunt non non rerum vel. Deserunt accusantium ipsam aperiam maxime quia voluptatem ipsa. Blanditiis sint laboriosam ipsum labore.', 14, '2021-08-15 03:13:51', '2021-08-15 03:13:51'),
(371, 'Ipsam harum quibusdam reprehenderit quasi tempore asperiores omnis. Aut deserunt qui voluptatem laudantium quae. Harum exercitationem enim sint non dolor aut ullam voluptas.', 181, '2021-08-15 03:13:52', '2021-08-15 03:13:52'),
(372, 'Debitis harum porro natus numquam. Incidunt atque in accusantium et quae aut in. Nihil qui quidem et porro.', 102, '2021-08-15 03:13:52', '2021-08-15 03:13:52'),
(373, 'Laboriosam quos omnis nisi. Harum porro enim quasi et enim. Recusandae est expedita molestiae veniam. Optio ut vel dolorem animi est est dolore.', 14, '2021-08-15 03:13:52', '2021-08-15 03:13:52'),
(374, 'Ipsum nostrum id quibusdam impedit. Qui unde et rerum culpa omnis et. Necessitatibus necessitatibus praesentium nostrum at ut ut.', 37, '2021-08-15 03:13:52', '2021-08-15 03:13:52'),
(375, 'Minus facilis rem tempora doloremque officia sed. Quae delectus et officia ut voluptatum. Eligendi voluptas laborum saepe magnam dolor nihil. Quia voluptas consequatur a sed occaecati.', 131, '2021-08-15 03:13:52', '2021-08-15 03:13:52'),
(376, 'Qui at occaecati nobis voluptas. Dolor sapiente qui quisquam unde est explicabo. In iste nisi est dolores modi.', 18, '2021-08-15 03:13:52', '2021-08-15 03:13:52'),
(377, 'Consectetur ut placeat explicabo sapiente impedit et deleniti dolorum. Ea odio qui debitis quam similique est. Aut in dolor aliquam aut tempore accusamus sed esse.', 176, '2021-08-15 03:13:52', '2021-08-15 03:13:52'),
(378, 'Distinctio amet et molestiae repellendus. Quis corrupti rerum voluptates dolor earum ut. Dolores aut exercitationem qui vel quaerat molestiae cupiditate perferendis.', 183, '2021-08-15 03:13:52', '2021-08-15 03:13:52'),
(379, 'Aperiam magnam exercitationem aliquid. Magnam quod fugiat veniam. Ut odit molestiae saepe. Fuga aut nisi omnis et repellendus itaque illo aut.', 78, '2021-08-15 03:13:52', '2021-08-15 03:13:52'),
(380, 'Corporis explicabo et maxime sint. Voluptatem tenetur omnis ducimus nisi quibusdam possimus ut rem.', 15, '2021-08-15 03:13:52', '2021-08-15 03:13:52'),
(381, 'Ea iure explicabo minima itaque mollitia totam fugit suscipit. Quisquam alias perspiciatis vel ipsum. Recusandae autem omnis eos id facilis.', 163, '2021-08-15 03:13:52', '2021-08-15 03:13:52'),
(382, 'Quaerat non dolorem optio inventore possimus nam aliquid. Praesentium unde sunt dolorem adipisci. Vel et non autem.', 154, '2021-08-15 03:13:52', '2021-08-15 03:13:52'),
(383, 'Mollitia repudiandae quia error nam. Quisquam autem neque commodi eos iure vitae vero. Eum fugit quos sunt alias non natus quas. Quis aut vitae quo aut dolores.', 77, '2021-08-15 03:13:52', '2021-08-15 03:13:52'),
(384, 'Quae enim voluptates optio. Velit ut aut maxime consequatur. Molestiae vel labore modi quae veniam a in.', 197, '2021-08-15 03:13:52', '2021-08-15 03:13:52'),
(385, 'Maiores incidunt veritatis qui earum animi. Et qui aliquid eveniet laborum qui illum qui. Perspiciatis molestiae quod natus perferendis voluptatem est a.', 160, '2021-08-15 03:13:53', '2021-08-15 03:13:53'),
(386, 'Explicabo et deleniti est rerum. Fugiat sunt est maxime possimus qui aut molestiae. Nam cumque maxime delectus. Totam nulla et suscipit enim. Vel aut sit fugiat rem praesentium doloremque.', 142, '2021-08-15 03:13:53', '2021-08-15 03:13:53'),
(387, 'Eaque quo quas commodi quos amet officiis laudantium. Voluptatem temporibus pariatur facere voluptas soluta. Aut qui repellendus qui quibusdam vel nihil aut.', 39, '2021-08-15 03:13:53', '2021-08-15 03:13:53'),
(388, 'Dolores harum natus fugiat veniam et autem. Eaque dicta modi repellendus temporibus quae est dolores. Dignissimos cumque ex veritatis debitis assumenda laborum.', 32, '2021-08-15 03:13:53', '2021-08-15 03:13:53'),
(389, 'Itaque dignissimos officia voluptatem est eum magnam. Labore molestiae sequi voluptate. Ullam ab quam ad. Ratione quis eum doloremque animi.', 118, '2021-08-15 03:13:53', '2021-08-15 03:13:53'),
(390, 'Ut itaque ut error totam accusamus incidunt. Natus voluptas fugit quae assumenda. Doloribus nisi id quam.', 10, '2021-08-15 03:13:53', '2021-08-15 03:13:53'),
(391, 'Blanditiis temporibus ut et consequatur et asperiores voluptatibus quibusdam. Numquam sed ut possimus. Sunt molestias sunt dolorem at totam maxime qui.', 183, '2021-08-15 03:13:54', '2021-08-15 03:13:54'),
(392, 'Id quia harum culpa dolores. A rerum aut delectus animi sequi dolore pariatur. Nisi et minus et earum excepturi. Saepe sunt facilis fugit laudantium.', 90, '2021-08-15 03:13:54', '2021-08-15 03:13:54'),
(393, 'Animi aut soluta molestiae eaque illo eum libero. Dolorem vel nihil harum. Voluptas placeat nihil quia doloribus. Ab fugit odio molestiae ad.', 82, '2021-08-15 03:13:54', '2021-08-15 03:13:54'),
(394, 'Explicabo quis quo quas eaque. Mollitia in animi doloribus cumque amet deleniti. Blanditiis nulla quod quidem et corrupti dolor ducimus. Ab et nihil voluptatem.', 164, '2021-08-15 03:13:54', '2021-08-15 03:13:54'),
(395, 'Repudiandae commodi magnam autem. Repellendus natus et atque. Sapiente repellendus illum facilis quia sunt vitae placeat totam.', 86, '2021-08-15 03:13:54', '2021-08-15 03:13:54'),
(396, 'Sunt temporibus odit qui possimus. At voluptatem quia rerum autem ut. Mollitia ea aut et nesciunt voluptatibus. Nulla et est est dolores nobis.', 130, '2021-08-15 03:13:54', '2021-08-15 03:13:54'),
(397, 'Quia officia est maxime dolores ut. Aut repellendus sint velit deleniti et voluptatibus. Et illo aut qui et magni est. Rerum aut nesciunt aut harum voluptas sapiente et.', 56, '2021-08-15 03:13:55', '2021-08-15 03:13:55'),
(398, 'Qui hic totam tenetur nostrum. Dignissimos totam sunt laborum quo et aliquam. Amet voluptatem quos dolor esse. Necessitatibus vel ut quod voluptas sint sequi quae.', 63, '2021-08-15 03:13:55', '2021-08-15 03:13:55'),
(399, 'Debitis sunt ipsam sint quam. Qui hic id eaque omnis molestiae fugiat. Deserunt delectus neque ipsam ut. Id quia sed et quo enim. Minus ea quae quasi.', 189, '2021-08-15 03:13:55', '2021-08-15 03:13:55'),
(400, 'Sit totam neque inventore in dignissimos quidem iusto. Perferendis consequatur repudiandae temporibus sit. Aliquam similique ipsum recusandae praesentium ut enim et eos.', 48, '2021-08-15 03:13:55', '2021-08-15 03:13:55'),
(401, 'Quas magnam porro officia exercitationem. Nihil possimus vel ut quas inventore non et.', 110, '2021-08-15 03:13:55', '2021-08-15 03:13:55'),
(402, 'Enim impedit dolore repellat ut. Dolorem est culpa alias repellendus non consequatur. Sit et omnis porro explicabo sunt repellendus aperiam.', 55, '2021-08-15 03:13:56', '2021-08-15 03:13:56'),
(403, 'Neque ab ut laboriosam ex sunt. Voluptatum perferendis quibusdam sequi natus alias. Non quam tenetur enim.', 78, '2021-08-15 03:13:56', '2021-08-15 03:13:56'),
(404, 'Illum eaque non doloremque occaecati et. Repellendus distinctio nulla quisquam dignissimos eos necessitatibus recusandae. Cumque nihil temporibus tenetur quod sunt commodi sed.', 120, '2021-08-15 03:13:56', '2021-08-15 03:13:56'),
(405, 'Dolorem cupiditate consectetur dolorem. Est quia omnis sit illo distinctio.', 155, '2021-08-15 03:13:56', '2021-08-15 03:13:56'),
(406, 'Beatae aperiam animi optio voluptas necessitatibus placeat. Aperiam harum perferendis pariatur laboriosam similique et. Quaerat qui molestiae voluptates natus quae delectus perspiciatis ratione.', 108, '2021-08-15 03:13:56', '2021-08-15 03:13:56'),
(407, 'Accusantium possimus sit ut voluptas sequi tempore velit. Dolorem quam magnam fugit facilis aut et aut. Est deserunt ex minus maiores esse.', 195, '2021-08-15 03:13:57', '2021-08-15 03:13:57'),
(408, 'Cupiditate et est sunt rerum modi numquam. A eius vero libero provident quis. Velit excepturi est nihil.', 128, '2021-08-15 03:13:57', '2021-08-15 03:13:57'),
(409, 'Asperiores reiciendis ab quia fugit. Et id velit et et natus rerum quod dolorem. Eos ducimus quo aliquam earum sed est.', 42, '2021-08-15 03:13:57', '2021-08-15 03:13:57'),
(410, 'Quibusdam dicta accusantium ipsa nemo. Dicta sed id dolor ad. Iure quam voluptas rerum est aut corrupti.', 106, '2021-08-15 03:13:57', '2021-08-15 03:13:57'),
(411, 'Sit quia qui consequuntur repellendus. Quis minus aperiam voluptatem doloremque. Porro dolore eveniet illum minima. Praesentium qui eos provident laudantium nam dolor eveniet.', 13, '2021-08-15 03:13:57', '2021-08-15 03:13:57'),
(412, 'Excepturi sint placeat facilis aut cum officia inventore repellat. Enim sint iusto sed est beatae.', 45, '2021-08-15 03:13:57', '2021-08-15 03:13:57'),
(413, 'Veritatis distinctio nam eveniet. Et minima illum ex.', 68, '2021-08-15 03:13:57', '2021-08-15 03:13:57'),
(414, 'Nam quis laudantium sint quis. Vel voluptatem iusto nesciunt quo saepe voluptatem.', 199, '2021-08-15 03:13:57', '2021-08-15 03:13:57'),
(415, 'Et modi magnam et ut fugit. Vel at totam corporis provident quos quibusdam aliquam porro. Quia officiis laudantium et minus optio. Sequi rerum eos consequatur accusantium natus.', 20, '2021-08-15 03:13:57', '2021-08-15 03:13:57'),
(416, 'Vero incidunt sit et voluptatem sit enim. Ad voluptatem dolorem veniam ad aut ut. Veniam iusto sit ea consequatur dignissimos.', 178, '2021-08-15 03:13:57', '2021-08-15 03:13:57'),
(417, 'Quis reprehenderit sint velit fugit. Et quasi magnam id temporibus. Ea dolores quia cupiditate sapiente vero non est.', 35, '2021-08-15 03:13:57', '2021-08-15 03:13:57'),
(418, 'Exercitationem ratione et a. Perspiciatis qui esse quia ipsam ut sunt sapiente. Vel illo labore quisquam quia.', 99, '2021-08-15 03:13:57', '2021-08-15 03:13:57'),
(419, 'Eum sunt velit illo dolores a rerum eos. Quod culpa rem repellat impedit omnis vero voluptatibus. Rerum quo laudantium sed ut dolor veritatis natus quis.', 76, '2021-08-15 03:13:57', '2021-08-15 03:13:57'),
(420, 'At similique vitae consequatur harum. Et aut ea aut ab unde architecto aut ut. Totam ut consequatur explicabo harum.', 171, '2021-08-15 03:13:57', '2021-08-15 03:13:57'),
(421, 'Omnis ut id sequi quo. Dicta sit et sed. Harum labore alias molestiae doloribus. Corporis magnam recusandae distinctio veniam et aut. Aliquid deleniti vel iusto dolore impedit eius ipsam qui.', 40, '2021-08-15 03:13:58', '2021-08-15 03:13:58'),
(422, 'Voluptatem totam et cumque ut architecto. Voluptate dicta nulla hic. Culpa ullam laudantium iste quo qui ad.', 184, '2021-08-15 03:13:58', '2021-08-15 03:13:58'),
(423, 'Est et omnis tempora eos quas id quas. Fugit quisquam maiores et est. Aut dolores beatae incidunt. Quis excepturi animi qui veritatis reprehenderit sit.', 147, '2021-08-15 03:13:58', '2021-08-15 03:13:58'),
(424, 'Voluptatem quod praesentium eaque id. Qui voluptate ipsa pariatur. Est numquam id dolor molestiae. Voluptatem quaerat omnis explicabo rem. Ex illo rerum sit. In rerum corrupti totam.', 89, '2021-08-15 03:13:58', '2021-08-15 03:13:58'),
(425, 'Soluta ipsum voluptatem fuga. Dolor officia corporis doloribus eius iure deserunt ad.', 188, '2021-08-15 03:13:58', '2021-08-15 03:13:58'),
(426, 'Alias officiis dolor eum nihil officiis. Aperiam aut tempore cumque facilis inventore ipsa. Ipsum molestiae est voluptatem illum aperiam at.', 192, '2021-08-15 03:13:58', '2021-08-15 03:13:58'),
(427, 'Ipsa nulla est non praesentium et velit praesentium. Veritatis consequatur vero quis repudiandae sit. Esse quisquam enim et. Consequatur et consequatur consequatur voluptatum mollitia totam.', 101, '2021-08-15 03:13:58', '2021-08-15 03:13:58'),
(428, 'Laboriosam fugit magni cupiditate accusamus voluptas. Quasi amet nostrum voluptate ipsam sunt pariatur. Magnam excepturi reiciendis et.', 41, '2021-08-15 03:13:58', '2021-08-15 03:13:58'),
(429, 'Nihil fuga quod recusandae eum hic non. Eos illum esse repellat ut. Id aut omnis laudantium dignissimos. Voluptas eum recusandae unde quia qui vero harum.', 130, '2021-08-15 03:13:58', '2021-08-15 03:13:58'),
(430, 'Dolorem iste nihil quos quis repudiandae repudiandae. Aut quia rem autem quia unde quis. Sed fuga quasi iure amet aut eligendi. Dolore et hic sunt sit blanditiis quas.', 89, '2021-08-15 03:13:58', '2021-08-15 03:13:58'),
(431, 'Officiis sint eum et dolore. Unde iusto est dolore quaerat. Doloremque necessitatibus reiciendis earum quod dolorem ut. Sapiente sed repudiandae qui ex dolores cupiditate ratione.', 45, '2021-08-15 03:13:58', '2021-08-15 03:13:58'),
(432, 'Sit dicta consectetur consequatur debitis ipsam autem hic. Nobis consectetur mollitia sed dignissimos eos libero. Dolores eius eveniet enim tempore. Odio eum et consectetur ut itaque.', 7, '2021-08-15 03:13:58', '2021-08-15 03:13:58'),
(433, 'Facilis quia iusto eveniet. Sunt facilis at rem. Aut ut corrupti animi laborum modi amet.', 170, '2021-08-15 03:13:59', '2021-08-15 03:13:59'),
(434, 'Aut ipsam voluptate id. Placeat vitae nemo illum recusandae. Ut est nihil esse.', 60, '2021-08-15 03:13:59', '2021-08-15 03:13:59'),
(435, 'Aut accusamus iste voluptatibus at unde. Nemo assumenda perspiciatis reprehenderit itaque. Cum quidem libero quos assumenda tempora molestiae.', 129, '2021-08-15 03:13:59', '2021-08-15 03:13:59'),
(436, 'Quis odio mollitia et neque incidunt tempore eaque. Autem dignissimos facilis dolor quia omnis assumenda beatae totam. Qui et esse occaecati adipisci et sit.', 76, '2021-08-15 03:13:59', '2021-08-15 03:13:59'),
(437, 'Eos nam vitae ducimus repellendus itaque impedit vero. Libero eaque iusto placeat similique. Enim impedit dolorem maiores accusantium.', 70, '2021-08-15 03:13:59', '2021-08-15 03:13:59'),
(438, 'Corporis non distinctio aut autem accusantium deleniti qui. Dolor accusantium et voluptatibus omnis id. Sequi est vitae aspernatur est modi.', 143, '2021-08-15 03:13:59', '2021-08-15 03:13:59'),
(439, 'Corrupti quia maxime dolor. At aut voluptates doloribus vel vero. Et possimus odit molestiae in ipsa excepturi qui. Expedita ducimus quod mollitia sapiente.', 112, '2021-08-15 03:13:59', '2021-08-15 03:13:59'),
(440, 'Vel et vel delectus nihil. Natus voluptatem quos harum non voluptatem voluptate non maiores. Architecto recusandae eum quo iusto. Vero est delectus ut. Dolorem aut a illum consequuntur cum.', 76, '2021-08-15 03:13:59', '2021-08-15 03:13:59'),
(441, 'Sequi laborum repudiandae deserunt inventore. Possimus mollitia atque et ut nostrum. Vel at consectetur ullam ea quibusdam et consectetur placeat. Nostrum at temporibus earum fuga molestiae eveniet.', 97, '2021-08-15 03:13:59', '2021-08-15 03:13:59'),
(442, 'Non eum aut pariatur est corporis dolores. Mollitia perferendis qui aliquam. Asperiores et et ratione nobis possimus assumenda. Eum perspiciatis quisquam est quasi nulla magnam et.', 128, '2021-08-15 03:13:59', '2021-08-15 03:13:59'),
(443, 'Neque animi error magnam voluptatum dolores sapiente. Voluptatum vitae sit distinctio cupiditate voluptatibus sunt. Aliquam sequi voluptates enim qui.', 199, '2021-08-15 03:13:59', '2021-08-15 03:13:59'),
(444, 'Nam accusamus cupiditate odit illo sequi magni occaecati. Esse dolorem ipsam dolorem explicabo quia rerum. Rerum odio aut placeat assumenda.', 110, '2021-08-15 03:14:00', '2021-08-15 03:14:00'),
(445, 'Perferendis illo facere aut ut ut iure eaque. Voluptatem et ad quia est. Soluta ea error id blanditiis deserunt provident. Nam possimus et iusto quia eaque impedit.', 34, '2021-08-15 03:14:00', '2021-08-15 03:14:00'),
(446, 'Provident consectetur omnis sunt. At nam architecto voluptatibus accusantium laboriosam veniam. Quibusdam et quis qui laboriosam magni nostrum. Voluptas et voluptatem voluptas eligendi.', 128, '2021-08-15 03:14:00', '2021-08-15 03:14:00'),
(447, 'Velit voluptatibus accusantium et sed. Maiores similique adipisci fugiat beatae.', 48, '2021-08-15 03:14:00', '2021-08-15 03:14:00'),
(448, 'Id exercitationem qui sint a. Accusantium delectus sunt fuga laudantium velit omnis. Et dolores autem amet voluptatem repellendus.', 21, '2021-08-15 03:14:00', '2021-08-15 03:14:00'),
(449, 'Repellat ut possimus nam est voluptatem explicabo ea eum. Esse rerum eum praesentium quaerat. Dolor tenetur soluta quibusdam sint aut deserunt. Delectus quia nam tempora in maiores.', 181, '2021-08-15 03:14:00', '2021-08-15 03:14:00'),
(450, 'A consequatur blanditiis corporis eum est. Consequatur aspernatur animi aspernatur itaque.', 6, '2021-08-15 03:14:00', '2021-08-15 03:14:00'),
(451, 'Dignissimos modi mollitia possimus nemo numquam tempora. Repellendus et unde vitae minus. Sed inventore ex error et sit recusandae.', 84, '2021-08-15 03:14:00', '2021-08-15 03:14:00'),
(452, 'Quia explicabo esse et atque officia animi quod. Repellendus aut sit officiis similique ea. Sit eos vel explicabo. Libero occaecati optio ut veniam consequuntur quo vel.', 93, '2021-08-15 03:14:00', '2021-08-15 03:14:00'),
(453, 'Quis est quibusdam quas. Nihil omnis optio autem. Saepe et iste est et vitae. Eos et exercitationem qui eum repudiandae. Ipsa in qui in et odio dolorem ab.', 88, '2021-08-15 03:14:01', '2021-08-15 03:14:01'),
(454, 'Aut nostrum porro harum vel et dolores. Omnis id delectus aliquid est ratione sapiente. Occaecati sit dolores et rerum suscipit odit iusto. Debitis doloribus fugiat dolorem consequatur natus et.', 136, '2021-08-15 03:14:01', '2021-08-15 03:14:01'),
(455, 'Blanditiis sapiente voluptatem est facilis nostrum eveniet quo. Maiores est nihil aut voluptatum.', 102, '2021-08-15 03:14:01', '2021-08-15 03:14:01'),
(456, 'Neque laborum tempore ipsum quis dolor expedita. Et autem natus ut inventore sed. Ut corporis labore aut velit quas perferendis.', 167, '2021-08-15 03:14:01', '2021-08-15 03:14:01'),
(457, 'Aperiam qui et voluptas ut eum consequatur cum. Magni alias cupiditate accusamus qui. Qui error est ullam mollitia laboriosam unde.', 22, '2021-08-15 03:14:01', '2021-08-15 03:14:01'),
(458, 'Nostrum suscipit officiis aperiam enim consequatur aut facere. Explicabo laboriosam assumenda eaque reprehenderit magnam. Quas alias dolore perspiciatis nihil cumque amet et.', 7, '2021-08-15 03:14:01', '2021-08-15 03:14:01'),
(459, 'Dolorum facere totam deleniti occaecati ea sit molestiae. Et velit quisquam cupiditate occaecati eos. Esse corporis et omnis possimus veritatis explicabo eum.', 161, '2021-08-15 03:14:01', '2021-08-15 03:14:01'),
(460, 'Sed consequatur sequi alias dolor praesentium et. Officia qui dolorem ab dolore dolores earum aperiam. Nesciunt deleniti commodi aspernatur et. Quidem rerum necessitatibus est omnis et.', 15, '2021-08-15 03:14:01', '2021-08-15 03:14:01'),
(461, 'Aut provident illo ipsa veritatis laudantium. Voluptate aut et suscipit voluptates repellendus in. Impedit a optio id at ipsam quia.', 28, '2021-08-15 03:14:01', '2021-08-15 03:14:01'),
(462, 'Consequatur harum dolores qui dolorum quas commodi quod. Architecto soluta vitae quis in aut maiores culpa unde.', 52, '2021-08-15 03:14:01', '2021-08-15 03:14:01'),
(463, 'Placeat consequatur rerum quas temporibus sequi et velit. Iure aut ab aut quis aperiam. Deserunt eum reiciendis non tempora eaque dignissimos.', 46, '2021-08-15 03:14:01', '2021-08-15 03:14:01'),
(464, 'Veniam rem voluptatem consequatur provident ut occaecati. Libero itaque aut laudantium vel. Sapiente rerum dignissimos aut quod pariatur nobis.', 40, '2021-08-15 03:14:01', '2021-08-15 03:14:01'),
(465, 'Delectus accusamus sit atque error. Nobis non quia in sed voluptas. Et ut quaerat non nesciunt veniam ut.', 35, '2021-08-15 03:14:02', '2021-08-15 03:14:02'),
(466, 'Qui eveniet ex minus voluptatum sit. Quia deleniti voluptatem amet impedit facere rerum. Provident architecto commodi rerum et sed architecto ut. Suscipit sunt quis debitis sunt.', 37, '2021-08-15 03:14:02', '2021-08-15 03:14:02'),
(467, 'Corporis quos impedit aut non fugiat. Deserunt dolor sunt sint quis quo et. Recusandae facere quibusdam et.', 128, '2021-08-15 03:14:02', '2021-08-15 03:14:02'),
(468, 'Dicta ea itaque perspiciatis eos nam fugit. Ut qui asperiores voluptatibus est delectus aut quod alias. Dignissimos soluta excepturi blanditiis reiciendis quia ratione laborum.', 158, '2021-08-15 03:14:02', '2021-08-15 03:14:02'),
(469, 'Molestiae sint maiores molestiae officiis. Neque aut expedita id voluptatem vero qui non. Rem corrupti impedit sapiente voluptas qui omnis excepturi.', 140, '2021-08-15 03:14:02', '2021-08-15 03:14:02'),
(470, 'Autem reiciendis suscipit sint. Voluptate repudiandae earum pariatur aut. Necessitatibus cumque ducimus provident ut. Veniam sed ut consequuntur culpa facere.', 191, '2021-08-15 03:14:02', '2021-08-15 03:14:02'),
(471, 'Consectetur quaerat a non at eaque consequatur ut. Dignissimos in dicta dicta et.', 93, '2021-08-15 03:14:02', '2021-08-15 03:14:02'),
(472, 'Maiores qui consectetur aut numquam et quisquam. Consequuntur quia voluptatibus atque odio aut et sunt. Nihil sint quos dolores libero sit impedit et dolores.', 22, '2021-08-15 03:14:02', '2021-08-15 03:14:02'),
(473, 'Voluptas itaque ut perferendis voluptas dolore. Nisi aut qui aut soluta. Asperiores saepe animi rerum.', 135, '2021-08-15 03:14:03', '2021-08-15 03:14:03'),
(474, 'Dignissimos qui voluptate odio aperiam enim facilis labore. Veritatis consectetur aut similique ipsam sit quis vero voluptate. Voluptatem qui eum mollitia mollitia praesentium.', 92, '2021-08-15 03:14:04', '2021-08-15 03:14:04'),
(475, 'Cumque odit illo saepe aut aut nulla. Autem natus ipsa impedit aut. Tempore saepe reiciendis sint aut. Tempore odio architecto itaque molestiae libero quas laborum vero.', 132, '2021-08-15 03:14:04', '2021-08-15 03:14:04'),
(476, 'Sapiente inventore ipsum minima fuga dolorem aliquid. Fugit qui sit ipsam debitis qui occaecati ullam. Quas architecto sit quia perspiciatis excepturi non.', 147, '2021-08-15 03:14:04', '2021-08-15 03:14:04'),
(477, 'Doloremque et veritatis facilis qui. Blanditiis qui unde qui aut ipsam rerum libero. Quas natus ut ut. Blanditiis laborum omnis recusandae repudiandae.', 68, '2021-08-15 03:14:04', '2021-08-15 03:14:04'),
(478, 'Voluptatem sapiente optio architecto sint. Expedita temporibus enim iure ut. Iste repellat non quisquam nostrum sunt. Dolorem iste sit autem a commodi.', 21, '2021-08-15 03:14:05', '2021-08-15 03:14:05'),
(479, 'Sit quo nisi perspiciatis. Et culpa hic consequuntur sapiente. Eveniet consequatur ut et ducimus quod.', 181, '2021-08-15 03:14:05', '2021-08-15 03:14:05'),
(480, 'Non et quia ipsa distinctio in voluptas nihil aut. Corrupti voluptatem eum tempora quo quibusdam sint rem.', 98, '2021-08-15 03:14:06', '2021-08-15 03:14:06'),
(481, 'Minima atque vel laboriosam quisquam. Eligendi beatae excepturi illum. Quod officiis et porro porro itaque magnam animi. Et voluptas error reiciendis est cumque velit enim.', 165, '2021-08-15 03:14:06', '2021-08-15 03:14:06');
INSERT INTO `comments` (`id`, `comment`, `post_id`, `created_at`, `updated_at`) VALUES
(482, 'Earum et iste et ea minus nostrum dicta. Assumenda libero totam sit numquam. Veritatis ab consequatur qui explicabo nihil quo.', 146, '2021-08-15 03:14:06', '2021-08-15 03:14:06'),
(483, 'Qui sunt architecto nobis qui autem. Voluptas aut at nobis voluptates laudantium nulla. Perferendis tempore ut ex voluptates. Eos ea aut quis non hic blanditiis deleniti velit.', 163, '2021-08-15 03:14:06', '2021-08-15 03:14:06'),
(484, 'Sed fugit velit excepturi. Illo et rerum doloremque molestiae hic aliquid. Qui ab et porro aliquid est ut dolor.', 147, '2021-08-15 03:14:06', '2021-08-15 03:14:06'),
(485, 'Maxime ipsum corporis voluptas et eos ipsum non. Molestiae et tempore exercitationem ut unde velit iure. Dolores aperiam modi sapiente velit et distinctio.', 104, '2021-08-15 03:14:07', '2021-08-15 03:14:07'),
(486, 'Consequatur cupiditate illo reiciendis. Quod repellat soluta incidunt consequuntur voluptates quia assumenda. In quisquam quo provident ut et quis. Dolores quis nihil deserunt maiores omnis.', 41, '2021-08-15 03:14:07', '2021-08-15 03:14:07'),
(487, 'Qui eum dolores eveniet et. Fugiat sit ullam vel quam qui omnis quisquam. Ut ut officia corporis quis nostrum. Consequuntur nisi nisi magni asperiores illo. Vero sint voluptas velit ea.', 34, '2021-08-15 03:14:07', '2021-08-15 03:14:07'),
(488, 'Est id eligendi perferendis omnis velit. Voluptatibus laborum omnis fugiat. Velit autem impedit sit corrupti magnam.', 125, '2021-08-15 03:14:07', '2021-08-15 03:14:07'),
(489, 'Pariatur libero laudantium perspiciatis quidem optio amet. Velit sequi voluptatum accusamus iste soluta fugiat. Exercitationem eos perferendis reiciendis quibusdam voluptates.', 76, '2021-08-15 03:14:07', '2021-08-15 03:14:07'),
(490, 'Enim aut aut aspernatur molestiae natus commodi. Assumenda voluptas fuga hic reprehenderit ut praesentium sed vero. Quia impedit rerum aut rerum.', 106, '2021-08-15 03:14:08', '2021-08-15 03:14:08'),
(491, 'Et aut et nihil. Sed debitis quia nemo harum esse exercitationem perferendis quia. Qui sapiente voluptate enim qui reprehenderit eum sit aut.', 22, '2021-08-15 03:14:08', '2021-08-15 03:14:08'),
(492, 'Autem aut tempore consectetur quaerat quibusdam dolorem consequuntur. Ipsa sunt necessitatibus quo veniam. Modi et aspernatur quaerat consequuntur consectetur temporibus.', 76, '2021-08-15 03:14:08', '2021-08-15 03:14:08'),
(493, 'Rerum natus animi ad distinctio libero magni excepturi. Unde non ut nesciunt voluptatibus modi neque qui. Voluptas dolorem consequatur eos consequuntur nesciunt nemo corrupti possimus.', 142, '2021-08-15 03:14:08', '2021-08-15 03:14:08'),
(494, 'Est quo ut saepe. Repudiandae ut facilis doloribus qui porro iusto accusantium dolore.', 41, '2021-08-15 03:14:08', '2021-08-15 03:14:08'),
(495, 'Repellat quidem est iusto fuga voluptas veritatis quidem numquam. Doloremque harum repellat dignissimos quo cupiditate nam. Quia expedita nisi dolorum magni eum eius.', 98, '2021-08-15 03:14:08', '2021-08-15 03:14:08'),
(496, 'Sed maiores nam ullam magni voluptas pariatur in. Et id perferendis quam saepe deserunt excepturi. Molestias tempore eaque commodi.', 87, '2021-08-15 03:14:08', '2021-08-15 03:14:08'),
(497, 'Incidunt et sed aliquid rerum. Adipisci repudiandae et tenetur sed praesentium iusto. Quam consequatur cumque soluta error sit neque.', 25, '2021-08-15 03:14:09', '2021-08-15 03:14:09'),
(498, 'Qui totam sed illo sit. Dolorem deserunt ut dolor nihil sit eius non. Corrupti voluptas repellendus sit odit. Et modi culpa ea voluptas vero sed cumque.', 47, '2021-08-15 03:14:09', '2021-08-15 03:14:09'),
(499, 'Et alias ad provident impedit magni ratione exercitationem. Quia vero et necessitatibus nam. Ipsam aspernatur repellendus quaerat quasi. Ut nisi sint veritatis sed dolores veritatis.', 106, '2021-08-15 03:14:10', '2021-08-15 03:14:10'),
(500, 'Aut ad explicabo consequatur tempora qui. Temporibus totam sint cum quia enim natus et. Et iure et possimus vel.', 73, '2021-08-15 03:14:10', '2021-08-15 03:14:10'),
(501, 'ytyu', 11, '2021-08-15 06:09:53', '2021-08-15 06:09:53'),
(502, 'gfhjhgkjhkghk', 11, '2021-08-15 06:10:09', '2021-08-15 06:10:09'),
(503, 'hellow my name is sajedul', 7, '2021-08-15 07:12:02', '2021-08-15 07:12:02'),
(504, 'hie', 7, '2021-08-15 07:54:40', '2021-08-15 07:54:40');

-- --------------------------------------------------------

--
-- Table structure for table `failed_jobs`
--

CREATE TABLE `failed_jobs` (
  `id` bigint(20) UNSIGNED NOT NULL,
  `uuid` varchar(255) COLLATE utf8mb4_unicode_ci NOT NULL,
  `connection` text COLLATE utf8mb4_unicode_ci NOT NULL,
  `queue` text COLLATE utf8mb4_unicode_ci NOT NULL,
  `payload` longtext COLLATE utf8mb4_unicode_ci NOT NULL,
  `exception` longtext COLLATE utf8mb4_unicode_ci NOT NULL,
  `failed_at` timestamp NOT NULL DEFAULT current_timestamp()
) ENGINE=InnoDB DEFAULT CHARSET=utf8mb4 COLLATE=utf8mb4_unicode_ci;

-- --------------------------------------------------------

--
-- Table structure for table `migrations`
--

CREATE TABLE `migrations` (
  `id` int(10) UNSIGNED NOT NULL,
  `migration` varchar(255) COLLATE utf8mb4_unicode_ci NOT NULL,
  `batch` int(11) NOT NULL
) ENGINE=InnoDB DEFAULT CHARSET=utf8mb4 COLLATE=utf8mb4_unicode_ci;

--
-- Dumping data for table `migrations`
--

INSERT INTO `migrations` (`id`, `migration`, `batch`) VALUES
(1, '2014_10_12_000000_create_users_table', 1),
(2, '2014_10_12_100000_create_password_resets_table', 1),
(3, '2019_08_19_000000_create_failed_jobs_table', 1),
(4, '2021_07_06_161716_create_categories_table', 1),
(5, '2021_07_06_161737_create_posts_table', 1),
(6, '2021_08_15_085515_create_comments_table', 1);

-- --------------------------------------------------------

--
-- Table structure for table `password_resets`
--

CREATE TABLE `password_resets` (
  `email` varchar(255) COLLATE utf8mb4_unicode_ci NOT NULL,
  `token` varchar(255) COLLATE utf8mb4_unicode_ci NOT NULL,
  `created_at` timestamp NULL DEFAULT NULL
) ENGINE=InnoDB DEFAULT CHARSET=utf8mb4 COLLATE=utf8mb4_unicode_ci;

-- --------------------------------------------------------

--
-- Table structure for table `posts`
--

CREATE TABLE `posts` (
  `id` bigint(20) UNSIGNED NOT NULL,
  `title` varchar(255) COLLATE utf8mb4_unicode_ci NOT NULL,
  `description` text COLLATE utf8mb4_unicode_ci DEFAULT NULL,
  `user_id` bigint(20) UNSIGNED NOT NULL,
  `category_id` bigint(20) UNSIGNED NOT NULL,
  `created_at` timestamp NULL DEFAULT NULL,
  `updated_at` timestamp NULL DEFAULT NULL
) ENGINE=InnoDB DEFAULT CHARSET=utf8mb4 COLLATE=utf8mb4_unicode_ci;

--
-- Dumping data for table `posts`
--

INSERT INTO `posts` (`id`, `title`, `description`, `user_id`, `category_id`, `created_at`, `updated_at`) VALUES
(1, 'Distinctio commodi quas eius labore quisquam et.', 'Facere vitae voluptatem nam aut voluptas reprehenderit delectus. Eaque aut distinctio sed atque qui accusamus est iusto.', 153, 13, '2021-08-15 03:12:59', '2021-08-15 03:12:59'),
(2, 'Voluptatem doloribus et quibusdam quas et pariatur aut.', 'In aspernatur suscipit incidunt consequatur ut ut. Alias ipsam architecto sit est eveniet qui. Similique voluptatem mollitia voluptas possimus vero. Sint ut sunt esse recusandae.', 179, 18, '2021-08-15 03:12:59', '2021-08-15 03:12:59'),
(3, 'Dolores in natus enim molestiae.', 'Et beatae ipsam aut rerum. Officiis error et molestiae. Impedit quia aut enim et. Tempore sint dolore laudantium illo.', 194, 8, '2021-08-15 03:12:59', '2021-08-15 03:12:59'),
(4, 'Dolorum ex aut omnis vitae accusantium nisi.', 'Asperiores nisi doloremque aut et voluptatum debitis. Sint consequatur et voluptatem. Asperiores totam et cumque sequi sequi.', 112, 3, '2021-08-15 03:12:59', '2021-08-15 03:12:59'),
(5, 'Consequatur at id eos molestiae eius.', 'Blanditiis est eius eos sint. Ut vel sed non eveniet unde iure. Voluptatum culpa et consequuntur voluptas possimus. Illum doloribus impedit nihil.', 59, 1, '2021-08-15 03:12:59', '2021-08-15 03:12:59'),
(6, 'Quisquam consequatur animi placeat non.', 'Quia aut ut aut blanditiis ut quisquam. Adipisci qui quasi quia et sed et. Nemo rem nisi quidem quisquam. Ratione non autem fugiat eligendi officiis qui.', 158, 5, '2021-08-15 03:12:59', '2021-08-15 03:12:59'),
(7, 'Ipsa laudantium sit dolores voluptatem veniam.', 'Qui et reprehenderit et et rerum unde sunt. Sed consequatur illo cupiditate architecto dignissimos. Quidem tempore asperiores velit qui distinctio.', 183, 10, '2021-08-15 03:12:59', '2021-08-15 03:12:59'),
(8, 'Molestias quis neque provident beatae rem culpa fuga.', 'Omnis amet rerum nisi itaque. Sed accusamus enim et. Itaque sed harum excepturi tenetur consequatur.', 52, 2, '2021-08-15 03:13:00', '2021-08-15 03:13:00'),
(9, 'Omnis voluptatem non nisi odit eos cum.', 'Sed totam quia aliquid et labore ut. Nesciunt dolor optio culpa adipisci quis at nam ut. Saepe corrupti nisi voluptas accusantium quia deserunt voluptatem.', 107, 14, '2021-08-15 03:13:00', '2021-08-15 03:13:00'),
(10, 'Voluptas reiciendis voluptatem ut velit iusto vitae.', 'Voluptatem in similique qui dolorem. Veniam fuga et quisquam molestiae quia expedita. Excepturi sint et dolorem. Culpa maiores deserunt voluptatum quia laudantium aut.', 102, 5, '2021-08-15 03:13:00', '2021-08-15 03:13:00'),
(11, 'Est quia suscipit qui doloribus expedita voluptatem laboriosam.', 'Ut officiis totam dicta. Ex eveniet in voluptates. Est impedit modi qui qui laborum eum. Et enim similique ratione quae sint natus commodi.', 6, 17, '2021-08-15 03:13:00', '2021-08-15 03:13:00'),
(12, 'Pariatur minus distinctio cupiditate nisi omnis.', 'Et nemo doloribus fugit qui sequi sit quas. Vitae rerum animi ipsa ab rerum odit praesentium. Provident quo ea sed facere necessitatibus dignissimos quia et.', 36, 9, '2021-08-15 03:13:00', '2021-08-15 03:13:00'),
(13, 'Officiis nam suscipit tempora eum quia voluptatibus voluptates.', 'Ut autem dolore qui a laboriosam ad. Sunt natus quaerat voluptates delectus voluptas. Ex nostrum iste qui quibusdam quisquam aperiam placeat laudantium. Dolores culpa numquam quis dicta sed.', 67, 14, '2021-08-15 03:13:00', '2021-08-15 03:13:00'),
(14, 'Natus cum voluptate consequuntur velit at quaerat est pariatur.', 'Assumenda quis voluptas sit veritatis eius quasi ut. Possimus qui nesciunt ipsa nihil. Voluptatem ea tempore iste quis.', 198, 8, '2021-08-15 03:13:00', '2021-08-15 03:13:00'),
(15, 'Veniam aperiam consequatur voluptatum autem et.', 'Et hic ex ipsa tempora fugit est. Quis eos sunt occaecati. Enim repellendus inventore facilis explicabo voluptate. At alias nihil tenetur a. Natus nostrum harum et ut cupiditate eligendi.', 183, 9, '2021-08-15 03:13:00', '2021-08-15 03:13:00'),
(16, 'Officia nostrum quas id quibusdam consequuntur corporis inventore.', 'Aut qui et quia consequatur amet quidem et. Facilis voluptatem minima molestiae odio ipsam esse tenetur debitis. Ab repellat sed sunt veniam inventore beatae eum.', 142, 3, '2021-08-15 03:13:00', '2021-08-15 03:13:00'),
(17, 'Repellat numquam animi distinctio officia.', 'Aut quia voluptatem voluptatem eveniet optio rem. Labore dicta est ut nisi molestias itaque. Illo et ea et soluta nemo sit.', 98, 6, '2021-08-15 03:13:00', '2021-08-15 03:13:00'),
(18, 'Earum et repellat sit doloremque enim temporibus quae.', 'Consequuntur aut est error quam. Impedit quam ea magnam eum dicta nesciunt fuga. Rerum veritatis vel provident quos tempora.', 22, 5, '2021-08-15 03:13:00', '2021-08-15 03:13:00'),
(19, 'Porro distinctio qui cum voluptas nisi animi est vel.', 'Qui quia excepturi quam nihil. Corporis sint enim dolorem ducimus qui repellat unde. Corrupti sint illum cumque aut delectus explicabo.', 197, 7, '2021-08-15 03:13:00', '2021-08-15 03:13:00'),
(20, 'Est doloribus voluptates non consequatur incidunt.', 'Voluptatibus iste et officia. Exercitationem necessitatibus ratione dolores cupiditate vero. Nemo facere quos modi. Distinctio voluptatum beatae repellat molestiae tempora sint.', 194, 4, '2021-08-15 03:13:00', '2021-08-15 03:13:00'),
(21, 'Voluptatem rem voluptate ratione qui.', 'Quia pariatur et fugiat dolores ut illum iste. Quam occaecati ex asperiores omnis. Recusandae est qui voluptatem facere qui. Quibusdam saepe illum modi est.', 59, 3, '2021-08-15 03:13:01', '2021-08-15 03:13:01'),
(22, 'Autem quia ut et ea.', 'Aut consequatur vero sed quia deserunt. Sed vitae alias sed. Omnis et vero adipisci qui alias eos blanditiis architecto. Repellendus deleniti quisquam repellendus soluta asperiores.', 95, 17, '2021-08-15 03:13:01', '2021-08-15 03:13:01'),
(23, 'Quibusdam nam quidem beatae voluptas deleniti qui quia.', 'Qui tenetur earum quis iure. Rerum enim quibusdam distinctio dolore eveniet. Quibusdam odio perspiciatis placeat velit temporibus nostrum delectus.', 78, 12, '2021-08-15 03:13:01', '2021-08-15 03:13:01'),
(24, 'Eius nam illo laborum qui quis.', 'Repellendus quis et non amet culpa qui perferendis. Distinctio accusamus debitis in aspernatur est assumenda quibusdam. Culpa nemo quis ut sed.', 6, 18, '2021-08-15 03:13:01', '2021-08-15 03:13:01'),
(25, 'Minus et sapiente delectus tempore.', 'In blanditiis sit nesciunt et omnis saepe laudantium. Et et veniam velit et in nam voluptas. Harum totam nostrum distinctio eum ad doloremque eos molestiae. Explicabo excepturi nihil delectus aut.', 191, 4, '2021-08-15 03:13:01', '2021-08-15 03:13:01'),
(26, 'Illo mollitia ut aperiam vitae qui.', 'Ut perspiciatis et nulla voluptas incidunt. Officia voluptatem repudiandae fugiat numquam cum. Ut ducimus aliquam dolorem consequatur.', 27, 10, '2021-08-15 03:13:01', '2021-08-15 03:13:01'),
(27, 'Sed qui et maiores quibusdam sed recusandae aspernatur.', 'Eos alias facilis ipsum eos et qui tempora. Reiciendis et et enim repellendus.', 197, 3, '2021-08-15 03:13:01', '2021-08-15 03:13:01'),
(28, 'Molestiae enim optio non necessitatibus repellendus quasi.', 'Dolores reprehenderit voluptas corrupti libero. Ipsa laborum dolor quos sit sed. Autem earum ea libero commodi. Excepturi suscipit odio nulla optio aliquam.', 146, 15, '2021-08-15 03:13:01', '2021-08-15 03:13:01'),
(29, 'Quaerat voluptas quas veritatis mollitia corporis rerum quo.', 'Magnam voluptatem totam ea facere vel. Doloremque et at atque odit. Maxime consectetur et quidem est inventore sequi enim sed.', 30, 17, '2021-08-15 03:13:01', '2021-08-15 03:13:01'),
(30, 'Eos eveniet ut tempora cum placeat.', 'Velit fugiat ut facilis et. Voluptatem autem at quia facere saepe.', 5, 14, '2021-08-15 03:13:01', '2021-08-15 03:13:01'),
(31, 'Occaecati a aliquid illo laboriosam ut.', 'Odit nulla nobis quod. Autem itaque veniam aut assumenda ut a eos. Cum quae dolor quibusdam repellat et omnis. Qui unde ipsa necessitatibus repudiandae.', 12, 6, '2021-08-15 03:13:01', '2021-08-15 03:13:01'),
(32, 'Qui praesentium eaque soluta possimus.', 'Soluta ipsam et possimus illum debitis. Commodi ut et et. Eos et nihil commodi vel est assumenda eligendi. Dolores corrupti similique id iure.', 5, 1, '2021-08-15 03:13:01', '2021-08-15 03:13:01'),
(33, 'Accusantium corrupti qui ad repellendus id voluptatibus hic officia.', 'Quibusdam id inventore qui sit perferendis. Itaque magnam facilis ab quia deleniti et fuga. Molestiae cupiditate quo porro. Nulla enim possimus voluptatem.', 192, 15, '2021-08-15 03:13:02', '2021-08-15 03:13:02'),
(34, 'Incidunt eligendi ab iusto autem consequatur maiores eaque.', 'Harum qui commodi nemo voluptatem aut asperiores. Dolor et facilis non necessitatibus porro sed quos rem. Eveniet atque voluptas laboriosam architecto.', 163, 8, '2021-08-15 03:13:02', '2021-08-15 03:13:02'),
(35, 'Id ut et aliquam aut in sit beatae.', 'Quibusdam et assumenda atque qui voluptatem. Nostrum autem iusto totam nihil odio ex aperiam et. Aut ullam labore ut. Iusto fugiat aut et possimus.', 19, 11, '2021-08-15 03:13:02', '2021-08-15 03:13:02'),
(36, 'Quo sed est sit velit fugit reprehenderit.', 'Laboriosam facilis iusto laudantium voluptas perspiciatis odio. Consequatur nisi molestiae magnam excepturi autem molestiae. Rerum qui suscipit fuga iusto vitae aut.', 192, 15, '2021-08-15 03:13:02', '2021-08-15 03:13:02'),
(37, 'Quo nemo culpa voluptatem ut.', 'Omnis accusantium iusto velit non dolorem perspiciatis enim quas. Dolores voluptatem commodi corporis sit sint amet. Temporibus velit fuga nemo facilis tempora qui. Nam pariatur et expedita corporis.', 120, 2, '2021-08-15 03:13:02', '2021-08-15 03:13:02'),
(38, 'Asperiores consequatur exercitationem soluta.', 'Cum ullam et minima quia libero in. Rerum deserunt assumenda laboriosam officiis. Rem doloremque at autem et est laborum nam esse.', 118, 18, '2021-08-15 03:13:02', '2021-08-15 03:13:02'),
(39, 'Reprehenderit aspernatur accusamus provident qui ab consequatur.', 'Delectus non est qui. Ut totam rerum quo similique. Perspiciatis facere itaque numquam veritatis voluptas sit.', 188, 20, '2021-08-15 03:13:02', '2021-08-15 03:13:02'),
(40, 'Deserunt corporis ab placeat dolores ut.', 'Dolor expedita qui ea quo excepturi. Voluptas architecto soluta doloribus enim perspiciatis hic voluptas. Non sunt qui itaque. Fugit voluptatem non rerum veritatis animi officia.', 41, 11, '2021-08-15 03:13:02', '2021-08-15 03:13:02'),
(41, 'Quaerat harum inventore aut esse dolore veritatis aut ducimus.', 'Sed vel quae perspiciatis numquam sunt. Repellendus omnis qui perspiciatis quia et vero. Voluptas nam minima doloribus a. Distinctio quam sint aut maiores autem sed praesentium in.', 13, 11, '2021-08-15 03:13:02', '2021-08-15 03:13:02'),
(42, 'Qui dicta ut autem.', 'Voluptatem rerum facere expedita eveniet atque laudantium ullam iste. Vel sunt ea doloribus eum. Consectetur itaque iste cum atque dolorem doloribus fugiat. Labore molestias et voluptas et sapiente.', 185, 16, '2021-08-15 03:13:02', '2021-08-15 03:13:02'),
(43, 'Iure aut asperiores voluptatum minima voluptatem quas corrupti.', 'Ut eum dolorem placeat rerum dolor accusamus tenetur. Rerum architecto veritatis consequatur dolor autem commodi. Voluptatibus quibusdam provident itaque aut.', 10, 8, '2021-08-15 03:13:02', '2021-08-15 03:13:02'),
(44, 'Et est id veritatis ipsum.', 'Sapiente aliquid est aspernatur ut id itaque. Sint dolorem et ut repudiandae repellat ut. Voluptates illum saepe sed saepe deleniti atque. Rem in tenetur non aut.', 143, 16, '2021-08-15 03:13:02', '2021-08-15 03:13:02'),
(45, 'Vero quisquam tempora iure expedita et illum dolores.', 'Dolores sit vel voluptate maxime incidunt odio neque. Eos error aspernatur veniam possimus qui et ipsa. Dolor quia nam magnam dolore aperiam officia maiores.', 26, 19, '2021-08-15 03:13:02', '2021-08-15 03:13:02'),
(46, 'Voluptatibus iure quidem suscipit aut ipsam nisi omnis.', 'Dolor fugit dicta quidem et ut aut. Aperiam veritatis iusto fuga et laborum occaecati voluptatem. Ducimus modi voluptas qui repellendus doloremque sed exercitationem.', 113, 12, '2021-08-15 03:13:02', '2021-08-15 03:13:02'),
(47, 'Ducimus perspiciatis culpa esse autem in soluta autem.', 'Omnis quibusdam omnis et at. Et explicabo fuga enim adipisci nam labore a. Modi enim quas sed dolore suscipit qui in. Placeat temporibus ut et.', 2, 13, '2021-08-15 03:13:02', '2021-08-15 03:13:02'),
(48, 'In molestiae earum est culpa voluptates et.', 'Accusamus et autem necessitatibus. Eum fugiat sed dolor repudiandae fugiat officia. Ut sed accusantium deserunt quia asperiores debitis. Assumenda accusamus id placeat veniam molestiae ea nobis.', 33, 16, '2021-08-15 03:13:02', '2021-08-15 03:13:02'),
(49, 'Nam deleniti delectus exercitationem et iure est sunt.', 'Tempore a dolores eius similique temporibus. Ipsum et et ut assumenda non id. Et voluptas possimus id quae in sed voluptatem recusandae. A maiores ea nobis ducimus quasi explicabo.', 108, 12, '2021-08-15 03:13:02', '2021-08-15 03:13:02'),
(50, 'In voluptatum ut dolores ut quaerat praesentium qui.', 'Et quasi voluptas non. Explicabo aut quia inventore dolore quis. Optio debitis quisquam et officiis.', 9, 18, '2021-08-15 03:13:02', '2021-08-15 03:13:02'),
(51, 'Expedita molestias voluptatem possimus autem.', 'Neque similique provident ea accusantium et quod maiores. Reiciendis sunt cupiditate quos expedita eos aperiam id officia. Et minima enim soluta rerum molestias voluptatem exercitationem.', 63, 14, '2021-08-15 03:13:02', '2021-08-15 03:13:02'),
(52, 'Optio molestiae sint dicta fugiat repellendus.', 'Animi asperiores quis ea earum sit et voluptas. Eveniet at facere accusantium numquam sit nihil.', 169, 10, '2021-08-15 03:13:02', '2021-08-15 03:13:02'),
(53, 'Dolorem sunt sed eligendi nobis sequi saepe dolore.', 'Cum exercitationem voluptas eveniet nulla ut veritatis nesciunt non. Dicta iure quo neque.', 81, 6, '2021-08-15 03:13:02', '2021-08-15 03:13:02'),
(54, 'Recusandae et suscipit aut voluptate.', 'Dolorum eos et quibusdam. Ab nostrum sequi iure sit error. Rem vitae aperiam ea.', 41, 6, '2021-08-15 03:13:03', '2021-08-15 03:13:03'),
(55, 'Voluptatum sequi quasi non eaque doloremque dolor recusandae.', 'Cupiditate culpa in error accusamus aut nostrum consequatur. Quasi nihil iure rem illo. Ut dolore perferendis aut accusamus quae.', 149, 4, '2021-08-15 03:13:03', '2021-08-15 03:13:03'),
(56, 'Sed qui enim aut quaerat qui qui.', 'Voluptatem dolores earum provident facere fugiat rem soluta ipsa. Ad pariatur suscipit quasi mollitia. Dolorem ut perspiciatis aut veritatis soluta cupiditate.', 141, 18, '2021-08-15 03:13:03', '2021-08-15 03:13:03'),
(57, 'Mollitia quo mollitia maxime numquam aut ut corrupti.', 'Sequi accusamus ut ad atque autem dolorum aliquid. Corporis odit vitae culpa alias. Quis libero ut et dignissimos ut. Distinctio deserunt alias quae vitae est alias nam.', 105, 4, '2021-08-15 03:13:03', '2021-08-15 03:13:03'),
(58, 'Sed aut quasi et ut cum sunt occaecati cumque.', 'Cupiditate error consectetur natus molestiae veritatis natus eum. Dolorum eum voluptas possimus id ea ut eos. Quia commodi velit doloribus et.', 111, 6, '2021-08-15 03:13:03', '2021-08-15 03:13:03'),
(59, 'At voluptas voluptatem cupiditate dolor consequatur.', 'Esse sapiente occaecati corrupti rerum mollitia nesciunt consectetur. Nihil non cupiditate rerum. Ut consequuntur maiores et porro. Magni nulla consequatur ad.', 191, 19, '2021-08-15 03:13:03', '2021-08-15 03:13:03'),
(60, 'Porro recusandae cumque voluptatem dolor vitae cum.', 'Commodi vitae earum saepe neque expedita repudiandae quaerat. Sequi omnis eum unde earum quia. Enim aut ex nihil dolores cupiditate illum. Est molestias unde illum beatae est deleniti cupiditate.', 173, 16, '2021-08-15 03:13:03', '2021-08-15 03:13:03'),
(61, 'Velit nesciunt aut eaque.', 'Officia et delectus atque sapiente. Laboriosam doloribus delectus eaque eaque enim. Porro doloremque optio suscipit ducimus eius. Sed veritatis fugit dolorem in aperiam.', 159, 2, '2021-08-15 03:13:03', '2021-08-15 03:13:03'),
(62, 'Et voluptatem eligendi vitae sapiente.', 'Nemo repellendus saepe voluptas esse voluptatem aut molestias. Asperiores architecto architecto accusantium reprehenderit omnis. Fuga sed fuga quis.', 18, 2, '2021-08-15 03:13:03', '2021-08-15 03:13:03'),
(63, 'Voluptatem soluta rem fugit enim officiis ut.', 'Quam harum illo et est amet eius quam. Id adipisci et ut debitis et iusto. Aut odit tempora eligendi iste voluptatum et voluptate.', 70, 12, '2021-08-15 03:13:03', '2021-08-15 03:13:03'),
(64, 'Qui exercitationem cum quasi.', 'A est est quam. Blanditiis ea magnam et aut quae. Consequatur aut ab iure consequatur.', 117, 2, '2021-08-15 03:13:03', '2021-08-15 03:13:03'),
(65, 'Velit rerum ipsum aliquam eaque ipsam.', 'Assumenda ducimus consectetur ut est et voluptates fugit officia. Totam velit labore voluptatem molestiae repudiandae. Nobis ullam accusantium amet velit quod quo.', 194, 18, '2021-08-15 03:13:03', '2021-08-15 03:13:03'),
(66, 'Ipsum et cumque ipsa pariatur et dolorem.', 'Alias perferendis aut voluptatum et veniam. Tempore ut iste dolores. Et sit dolorum iusto.', 53, 6, '2021-08-15 03:13:03', '2021-08-15 03:13:03'),
(67, 'Ut optio minus labore nesciunt.', 'Sit non vel commodi est incidunt aut. Aspernatur quo expedita perspiciatis. Et blanditiis ut et consequuntur ratione. Nisi omnis reprehenderit libero illo. Voluptatem itaque deserunt consequatur ea.', 97, 6, '2021-08-15 03:13:03', '2021-08-15 03:13:03'),
(68, 'Dolores esse totam eius cum expedita provident.', 'Harum voluptates dolore et et. Laborum nisi nemo quis porro maiores laudantium sit.', 22, 9, '2021-08-15 03:13:03', '2021-08-15 03:13:03'),
(69, 'Accusamus quia harum quia sunt.', 'Sunt sit voluptatibus est quas voluptatem quae. Enim saepe maiores sapiente fugiat ipsa quo praesentium. Consequatur assumenda vel et alias.', 130, 5, '2021-08-15 03:13:03', '2021-08-15 03:13:03'),
(70, 'Suscipit delectus blanditiis architecto dolorem.', 'Est delectus sunt eos tempora. Rem impedit deleniti repellendus. Sunt quod quis quia sunt et.', 77, 15, '2021-08-15 03:13:03', '2021-08-15 03:13:03'),
(71, 'Minus quam eligendi autem occaecati voluptatem autem vitae.', 'Ducimus laboriosam hic sint id. Quam qui ex sit culpa eos provident. Reprehenderit occaecati ipsam et est vel exercitationem.', 80, 10, '2021-08-15 03:13:03', '2021-08-15 03:13:03'),
(72, 'Occaecati a eius facilis vero quam reprehenderit voluptas.', 'Est sit aut quia praesentium ut et sit. Rerum maxime molestiae voluptatibus quas amet ipsa. In consequatur aut voluptatum.', 110, 2, '2021-08-15 03:13:03', '2021-08-15 03:13:03'),
(73, 'Quo facere velit voluptas voluptas sed.', 'Eveniet id facilis similique voluptas quis est magni. Ipsa et dolorem et quis. Harum occaecati doloribus voluptates velit.', 159, 20, '2021-08-15 03:13:03', '2021-08-15 03:13:03'),
(74, 'Placeat qui consequatur accusamus ea nulla rerum temporibus.', 'Nulla quidem repudiandae expedita velit illo voluptatem ullam. Ullam id unde cum rerum voluptatem fugit odit qui. Nemo officiis optio et ab numquam dolores.', 146, 7, '2021-08-15 03:13:03', '2021-08-15 03:13:03'),
(75, 'Nihil quis vel iste.', 'Ut nobis consequatur deserunt. Illum aspernatur mollitia nihil magni. Sit dolore fugiat explicabo dolores fugit dolores consectetur et.', 163, 17, '2021-08-15 03:13:04', '2021-08-15 03:13:04'),
(76, 'Voluptas dolor architecto debitis quo ducimus eveniet.', 'Et odio ut veniam enim nesciunt maiores rerum. Est repellat tempora et eligendi ut facilis. Veniam rerum dolor reiciendis aut.', 2, 12, '2021-08-15 03:13:04', '2021-08-15 03:13:04'),
(77, 'Quo maiores adipisci qui.', 'Omnis quis eum et dolores iste vel eaque. Tempore et soluta voluptas placeat. Optio facere rerum blanditiis quo accusantium vel rerum est. Qui delectus id tenetur libero.', 142, 5, '2021-08-15 03:13:04', '2021-08-15 03:13:04'),
(78, 'Porro corporis et similique error officiis.', 'Eum placeat unde quod vel. Et quia asperiores est minus.', 121, 16, '2021-08-15 03:13:04', '2021-08-15 03:13:04'),
(79, 'Voluptatem dolorum beatae optio est necessitatibus rerum impedit.', 'Earum harum et pariatur ipsum sit. Necessitatibus accusamus quia et laudantium vel aspernatur. Iure enim corporis fugiat. Vel et rerum eos quo.', 67, 1, '2021-08-15 03:13:04', '2021-08-15 03:13:04'),
(80, 'A velit veniam ex non odit.', 'Illo magnam nobis ab sunt. Nam unde doloremque eligendi voluptas enim et. Consequatur qui nihil aut omnis neque autem. Dolorum reiciendis possimus labore.', 73, 18, '2021-08-15 03:13:04', '2021-08-15 03:13:04'),
(81, 'Dolorum aut cum amet ut dolor.', 'Explicabo et nisi quibusdam. Modi natus aperiam quaerat nobis rerum ea in fuga. Perferendis dolorem excepturi tempora aspernatur.', 15, 12, '2021-08-15 03:13:04', '2021-08-15 03:13:04'),
(82, 'Dolorum asperiores maiores et animi recusandae.', 'Modi voluptatem doloremque eum ipsa ducimus et. Voluptatibus qui repellat ut. Sint ut excepturi voluptates dolore.', 86, 2, '2021-08-15 03:13:04', '2021-08-15 03:13:04'),
(83, 'Voluptatem necessitatibus officiis blanditiis inventore similique.', 'Labore voluptatem minus natus nostrum debitis voluptates. Voluptatem repudiandae incidunt recusandae id recusandae ea. Omnis quam velit esse voluptatem mollitia in iste.', 121, 16, '2021-08-15 03:13:04', '2021-08-15 03:13:04'),
(84, 'Eum ut alias dicta id non ea minima.', 'Quam voluptatem vitae consequatur voluptas adipisci nesciunt. Sequi veritatis animi illum minus. Doloremque eveniet eum esse et.', 51, 8, '2021-08-15 03:13:04', '2021-08-15 03:13:04'),
(85, 'Aut iure libero laborum consequatur molestiae qui.', 'Necessitatibus pariatur tempore ipsum voluptas eum. Aut numquam vitae officiis adipisci est ipsum similique aperiam. Praesentium error ipsa sed qui aliquam recusandae.', 69, 6, '2021-08-15 03:13:04', '2021-08-15 03:13:04'),
(86, 'Fuga consectetur non qui quia est.', 'Incidunt voluptatem vero ea esse earum totam. Ipsam laudantium deserunt quasi aliquid. Dolores eius ducimus doloremque quis aliquid.', 145, 12, '2021-08-15 03:13:04', '2021-08-15 03:13:04'),
(87, 'Dolorem impedit quas quis quam architecto.', 'Laboriosam reiciendis eum sit aut ipsum rerum dolor non. Quia delectus sed libero sequi. Officiis placeat ut quas cupiditate in quia nam dolore.', 131, 5, '2021-08-15 03:13:04', '2021-08-15 03:13:04'),
(88, 'Quia consequatur est odio eveniet commodi sed et quidem.', 'Incidunt et in reprehenderit ut rerum similique corporis. Praesentium omnis pariatur natus adipisci libero voluptatem dolores enim. Harum est ea voluptatem fuga aperiam.', 92, 11, '2021-08-15 03:13:04', '2021-08-15 03:13:04'),
(89, 'Consequuntur odio qui consequuntur.', 'Perspiciatis inventore vero magni amet qui ut. Quasi quas fugit qui. Repellat minima minima provident vel odit fugiat consequatur.', 108, 4, '2021-08-15 03:13:04', '2021-08-15 03:13:04'),
(90, 'Qui earum libero aut velit.', 'Explicabo ducimus quae quis maiores sapiente. Facere totam nisi rerum ut aspernatur. Commodi fugiat tempora corporis atque totam beatae maiores. Libero officia amet amet suscipit.', 20, 14, '2021-08-15 03:13:04', '2021-08-15 03:13:04'),
(91, 'Sed praesentium nisi necessitatibus.', 'Aut officia aperiam maiores odio voluptas hic aut. Doloremque veritatis eos recusandae ipsam ut dolorem. Praesentium sit ut et quam. Natus veniam fuga autem.', 60, 17, '2021-08-15 03:13:04', '2021-08-15 03:13:04'),
(92, 'Mollitia ea corrupti tenetur neque.', 'Ea itaque sunt doloribus quia qui. Animi et saepe eum et. Placeat maiores occaecati sint rem mollitia quod. Eligendi dignissimos sapiente autem accusamus commodi.', 99, 19, '2021-08-15 03:13:05', '2021-08-15 03:13:05'),
(93, 'Temporibus hic velit architecto voluptatem voluptatum recusandae.', 'Natus nulla fugiat totam dolore sunt quas minima quae. Excepturi quaerat voluptatem ipsa et. Aut tempora commodi vero esse omnis quia.', 153, 17, '2021-08-15 03:13:05', '2021-08-15 03:13:05'),
(94, 'Et molestiae rem quos doloremque sint ad.', 'Qui repellat sequi vel nobis sed ratione aut. Aspernatur cum amet consequuntur libero voluptatem. Eum excepturi atque rerum maiores necessitatibus. At quasi laborum similique sapiente ipsa.', 5, 12, '2021-08-15 03:13:05', '2021-08-15 03:13:05'),
(95, 'Maxime eaque minima quia ut dolore non qui.', 'Et ad voluptate sunt rerum. Magnam facere non porro molestiae ratione voluptas sit voluptas. Explicabo modi consequuntur minus ut error.', 108, 16, '2021-08-15 03:13:05', '2021-08-15 03:13:05'),
(96, 'Aut est quia praesentium iusto aspernatur ducimus nihil dolorem.', 'Est officia praesentium dolorem. Qui rerum nihil qui quia aut id voluptates. Reiciendis tenetur et optio quo dolor facere qui. Omnis qui qui ducimus nisi aut.', 147, 6, '2021-08-15 03:13:05', '2021-08-15 03:13:05'),
(97, 'Est beatae illum iste voluptates dolor quis minima aut.', 'Voluptate sed sit eligendi repellat et. Est ipsa quam quaerat at nobis exercitationem et. Delectus voluptatem explicabo doloremque et.', 29, 1, '2021-08-15 03:13:05', '2021-08-15 03:13:05'),
(98, 'Accusantium velit et voluptates nihil.', 'Odit et aliquam qui perferendis voluptatem ipsum molestias. Repudiandae distinctio sapiente quos eveniet velit.', 122, 20, '2021-08-15 03:13:05', '2021-08-15 03:13:05'),
(99, 'Ut sed vel similique minima.', 'Id culpa illo doloremque et dolores. Provident commodi dicta et dolorem. Nulla omnis cumque ab necessitatibus dicta facilis. Omnis repellendus quia reprehenderit.', 143, 1, '2021-08-15 03:13:05', '2021-08-15 03:13:05'),
(100, 'Quasi repellat voluptas enim fugiat tempore autem magnam.', 'Et magni nam illo tempore aspernatur consequuntur. Qui facere et amet quaerat mollitia ducimus. Nihil amet asperiores quaerat nihil soluta.', 124, 8, '2021-08-15 03:13:05', '2021-08-15 03:13:05'),
(101, 'Qui tenetur et necessitatibus voluptatem eum iste aut.', 'Sit aperiam quis necessitatibus quis at vero. Officia fugit tempore odio et voluptatem sit. Dolor ex nihil repellendus voluptatem perferendis facere. Pariatur consequuntur non praesentium numquam.', 180, 2, '2021-08-15 03:13:05', '2021-08-15 03:13:05'),
(102, 'Eos quibusdam consequatur et eos quae veniam magni.', 'Voluptas voluptatem reprehenderit amet nostrum. Quisquam aut consequuntur nihil beatae. Aliquam omnis est soluta voluptatem minima hic est. Velit suscipit est quia qui doloremque et necessitatibus.', 123, 13, '2021-08-15 03:13:05', '2021-08-15 03:13:05'),
(103, 'Rerum repudiandae nostrum iusto.', 'Dolore est laborum nobis sed. Unde est corrupti autem ut accusantium harum similique.', 95, 8, '2021-08-15 03:13:05', '2021-08-15 03:13:05'),
(104, 'Reprehenderit possimus quis aut sequi et.', 'Unde similique perspiciatis cum totam. Aut quasi temporibus asperiores exercitationem amet. Temporibus praesentium laboriosam iste dolorum adipisci sit.', 178, 14, '2021-08-15 03:13:05', '2021-08-15 03:13:05'),
(105, 'Fugit cumque ratione enim minima odit aspernatur ducimus.', 'Ut dolor assumenda voluptatem. Accusantium hic sapiente aut non. Inventore possimus laudantium voluptas iste voluptatem fugiat.', 188, 1, '2021-08-15 03:13:05', '2021-08-15 03:13:05'),
(106, 'Cumque inventore ipsa provident et.', 'Quia temporibus mollitia et alias quam. Assumenda omnis est rerum ullam animi iure est. Ullam eos molestiae voluptatibus magni doloremque.', 147, 11, '2021-08-15 03:13:05', '2021-08-15 03:13:05'),
(107, 'Quos molestias sit a id numquam ab odit.', 'Facere nisi cupiditate sed ad fuga sunt a aut. Nulla nisi deleniti fugiat ipsa omnis. Quisquam fugiat dicta voluptas quaerat. Quia facere nulla ratione necessitatibus nostrum praesentium vel.', 68, 15, '2021-08-15 03:13:05', '2021-08-15 03:13:05'),
(108, 'Velit molestiae delectus voluptas aut non consequatur dolor.', 'Soluta quis consectetur nulla non. Et consequatur qui consequatur molestiae qui voluptatem asperiores excepturi. Molestias provident rerum iste officia sint autem.', 136, 2, '2021-08-15 03:13:05', '2021-08-15 03:13:05'),
(109, 'Neque eaque qui et quia quas tenetur quam.', 'Sit accusantium quisquam occaecati aliquam inventore et sunt. Est qui fuga unde. Illum delectus a est voluptates ut beatae. Sed minima molestiae est occaecati.', 138, 18, '2021-08-15 03:13:05', '2021-08-15 03:13:05'),
(110, 'Facilis asperiores laborum est expedita.', 'Error iste nulla repellendus qui laborum earum. Est ad et molestiae repellat possimus aut enim. Molestias ullam excepturi ut reprehenderit commodi quam nam.', 141, 13, '2021-08-15 03:13:06', '2021-08-15 03:13:06'),
(111, 'Voluptatem dolorem fugit consequuntur in magni quia cum.', 'Repellendus distinctio dolore sunt sint doloremque soluta. Nisi a non rem quia. Voluptatibus quo debitis ea aut non et. Odio qui est aut quidem magni molestiae.', 21, 2, '2021-08-15 03:13:06', '2021-08-15 03:13:06'),
(112, 'Non voluptas illo pariatur non.', 'Itaque vel ipsum molestiae cupiditate. Quam consequatur a sequi hic aliquam aut. Consequatur totam optio atque ducimus culpa officia.', 2, 14, '2021-08-15 03:13:06', '2021-08-15 03:13:06'),
(113, 'Fugiat quia ad repellendus quia.', 'Corrupti dolorem aut est voluptas. Soluta quaerat voluptatem quia nulla explicabo iste. Sint necessitatibus veritatis eligendi sit accusamus. Aperiam et assumenda culpa voluptatibus est nam.', 127, 4, '2021-08-15 03:13:06', '2021-08-15 03:13:06'),
(114, 'Molestiae qui dignissimos voluptas amet nobis ut odit ducimus.', 'Odit libero voluptatem dolor hic dolore. Impedit laborum autem aut sit maiores ut modi. Aut animi sapiente ut tenetur.', 170, 10, '2021-08-15 03:13:06', '2021-08-15 03:13:06'),
(115, 'Est sint dolorem et consequatur quia quis ipsum.', 'Aut at ut ut architecto voluptatem hic. Voluptas sed sequi itaque est saepe fuga. Magnam debitis ratione quisquam et animi amet. Quis architecto cumque numquam distinctio.', 137, 14, '2021-08-15 03:13:06', '2021-08-15 03:13:06'),
(116, 'Ducimus illo non occaecati quo cupiditate recusandae.', 'Voluptas ut architecto aut quae assumenda ipsa est. Nobis qui molestias adipisci cum ut. Velit aut ea ut.', 146, 17, '2021-08-15 03:13:06', '2021-08-15 03:13:06'),
(117, 'Omnis fugiat est totam et.', 'Ab qui modi eos voluptas excepturi voluptatem. Accusantium sed laboriosam quis. Reiciendis odio possimus veniam quaerat debitis explicabo illo. Et ex possimus illo rerum.', 28, 5, '2021-08-15 03:13:06', '2021-08-15 03:13:06'),
(118, 'Distinctio et quia sint.', 'Aspernatur debitis eaque et aut. Excepturi quisquam quis quia. Aperiam eos consectetur voluptatem animi. Aliquid voluptate eum dignissimos. Mollitia temporibus tempora iure et iste ut.', 104, 8, '2021-08-15 03:13:06', '2021-08-15 03:13:06'),
(119, 'Temporibus fuga tempora vero nulla vero.', 'Similique aliquid odio architecto. Illum atque vel deleniti odio tempore repellat. Inventore velit voluptatem quas qui. Nostrum soluta et hic optio necessitatibus voluptatem.', 45, 14, '2021-08-15 03:13:06', '2021-08-15 03:13:06'),
(120, 'Sunt totam voluptatem laboriosam dicta error quasi.', 'Est et eos harum. Rem qui ipsa accusamus omnis quo.', 44, 18, '2021-08-15 03:13:06', '2021-08-15 03:13:06'),
(121, 'Et qui et facilis id velit voluptas labore.', 'Eligendi rerum natus ea sit sapiente et. Magni animi voluptate totam sed veniam. Corrupti voluptatem ea odit nisi nihil.', 140, 5, '2021-08-15 03:13:06', '2021-08-15 03:13:06'),
(122, 'Ullam sit officia et exercitationem doloremque animi.', 'Dolores at nihil est et. Aut ad odit consequuntur quos non. Amet velit officiis id quia animi deleniti non. Deserunt tenetur cumque vitae veritatis sapiente ut.', 179, 16, '2021-08-15 03:13:06', '2021-08-15 03:13:06'),
(123, 'Facere eos et cupiditate aut.', 'Temporibus rerum adipisci ea beatae reprehenderit. Aut voluptas perspiciatis odit. Et eos aperiam sint voluptas sunt dolorem. Veniam velit sint laboriosam error.', 71, 10, '2021-08-15 03:13:06', '2021-08-15 03:13:06'),
(124, 'Debitis sed veritatis soluta.', 'Voluptas accusantium autem facilis. Autem temporibus eos consequatur. Quis maiores veniam et delectus quo id aliquam officia.', 141, 10, '2021-08-15 03:13:06', '2021-08-15 03:13:06'),
(125, 'Voluptatem quam corrupti quis vel porro vero aut.', 'Quam at doloremque odit facere laboriosam. Consequuntur quia aut ut molestias facere. Ut ducimus dicta reiciendis eos recusandae et. A ratione ad id odit.', 145, 2, '2021-08-15 03:13:06', '2021-08-15 03:13:06'),
(126, 'Omnis repellendus fuga sint quia eveniet voluptatem.', 'Perspiciatis omnis nobis voluptatum distinctio assumenda aut. Numquam doloremque quo nihil quasi quo quas. Sapiente consequuntur molestias temporibus mollitia non.', 77, 19, '2021-08-15 03:13:06', '2021-08-15 03:13:06'),
(127, 'Sint natus quasi fugit eos esse explicabo.', 'Et rerum expedita iure consequatur nesciunt qui eos quo. Ullam cupiditate suscipit unde dolores harum et.', 184, 3, '2021-08-15 03:13:06', '2021-08-15 03:13:06'),
(128, 'Optio provident et voluptatum ut sint consequatur odit.', 'Et suscipit modi omnis consequatur hic facilis. Laudantium inventore quisquam ut omnis quia deserunt. Incidunt deserunt rem cum consectetur temporibus est ipsam dicta.', 59, 18, '2021-08-15 03:13:06', '2021-08-15 03:13:06'),
(129, 'Aut minus et natus.', 'Consequatur est quia ullam magni aut. Sit eum ducimus nesciunt. Eum voluptatem reiciendis ut quia.', 155, 11, '2021-08-15 03:13:07', '2021-08-15 03:13:07'),
(130, 'Quia ut est eum ipsam vero et.', 'Fuga neque sit non enim distinctio. Pariatur inventore quam deleniti esse soluta expedita. Adipisci ullam quo quidem cumque maiores incidunt.', 114, 10, '2021-08-15 03:13:07', '2021-08-15 03:13:07'),
(131, 'Ad porro architecto nisi vero et voluptatem.', 'Laboriosam dolores hic deleniti nisi et explicabo cum. Vitae sint quisquam deserunt dolorum tenetur adipisci quis. Necessitatibus alias eligendi maxime ipsa dolorum voluptatibus.', 163, 18, '2021-08-15 03:13:07', '2021-08-15 03:13:07'),
(132, 'Debitis temporibus nam odit enim exercitationem.', 'Voluptates totam nesciunt ea tenetur ullam nihil consequatur. Qui quisquam porro est. Ipsa earum aperiam voluptate ut iusto vel illum. Et aspernatur ut quisquam voluptas dignissimos ab earum.', 141, 7, '2021-08-15 03:13:07', '2021-08-15 03:13:07'),
(133, 'Est molestiae quo inventore.', 'Nobis necessitatibus rem ipsam quis nostrum. Aliquid et quis deleniti libero porro. Est voluptatem et dolor temporibus facilis nobis itaque.', 60, 3, '2021-08-15 03:13:07', '2021-08-15 03:13:07'),
(134, 'Asperiores cupiditate minima incidunt voluptas.', 'Necessitatibus ut qui dolores. In consequatur corrupti a dolor velit qui sit. Est hic beatae ut quas officia odit. Excepturi maxime in et culpa tenetur est.', 34, 7, '2021-08-15 03:13:07', '2021-08-15 03:13:07'),
(135, 'Necessitatibus aliquid voluptas deleniti non.', 'Quod sunt recusandae ut inventore. Quibusdam rerum provident sit et quam voluptatem labore. Sit voluptatem quia dolores. Aut aliquid sequi vel nemo id.', 54, 6, '2021-08-15 03:13:07', '2021-08-15 03:13:07'),
(136, 'Tempora rerum sit rerum tenetur repellendus non.', 'Et debitis ut optio est neque quia. Vel consequatur corrupti omnis nulla autem amet. Quo dolorem sapiente at eaque sunt ullam esse. Rerum aut voluptatibus facere officia ut.', 197, 12, '2021-08-15 03:13:07', '2021-08-15 03:13:07'),
(137, 'In omnis vel reiciendis enim.', 'Consequatur error tempore pariatur omnis ea qui dolore. Vel quia deserunt quibusdam quos atque magni adipisci quisquam. Asperiores sapiente quia ea est quaerat est. Ratione est et beatae nobis vel.', 200, 5, '2021-08-15 03:13:07', '2021-08-15 03:13:07'),
(138, 'Ut quibusdam quis dolor.', 'In incidunt porro eum sit non. Quae esse consequatur voluptatibus necessitatibus ut corporis saepe. Consequuntur hic non voluptas qui odit dolor. Nesciunt aut doloribus earum iusto dolores nostrum.', 87, 18, '2021-08-15 03:13:07', '2021-08-15 03:13:07'),
(139, 'Id ratione tempora et quae.', 'Vel placeat ut nam enim odio. Alias est temporibus quo mollitia. Rem doloribus molestiae qui iure rerum consectetur doloribus maxime. Sed repudiandae doloribus itaque nemo harum.', 3, 8, '2021-08-15 03:13:07', '2021-08-15 03:13:07'),
(140, 'Dolor pariatur debitis sit dolorem.', 'Blanditiis aperiam qui aut quibusdam quaerat distinctio veniam. Et est commodi eos hic iusto harum. Est nesciunt repellat quasi.', 197, 5, '2021-08-15 03:13:07', '2021-08-15 03:13:07'),
(141, 'Illo amet nihil recusandae.', 'Vitae rerum inventore magnam dolor provident. Ipsa ut qui aliquid officiis impedit.', 55, 2, '2021-08-15 03:13:07', '2021-08-15 03:13:07'),
(142, 'Aut qui quidem ab atque deleniti.', 'Unde rerum iusto perspiciatis sed et a vero. Quo impedit eum nam aliquam. Aut doloremque hic laboriosam vero et voluptatem. Commodi voluptate pariatur nobis qui. Accusamus non perferendis ullam unde.', 128, 13, '2021-08-15 03:13:07', '2021-08-15 03:13:07'),
(143, 'Nihil iure autem aliquam et aut.', 'Omnis ut magnam et nesciunt incidunt reiciendis incidunt. Minus quibusdam voluptates eum consequatur et beatae harum. Facere impedit quam molestiae nam. Consequatur autem consequatur nobis eligendi.', 6, 14, '2021-08-15 03:13:07', '2021-08-15 03:13:07'),
(144, 'Ut ut est aut aspernatur ut.', 'Qui enim vel nulla ut voluptatibus deserunt. Quaerat sit illo accusamus. Necessitatibus dignissimos unde libero quaerat dolore.', 38, 16, '2021-08-15 03:13:08', '2021-08-15 03:13:08'),
(145, 'Quam explicabo repellendus voluptas voluptates.', 'Ducimus iste velit sint id aperiam et. Fugiat aliquam voluptatibus dolorem sint est iusto iste. Fugiat quod qui error necessitatibus iusto ratione ut.', 34, 4, '2021-08-15 03:13:08', '2021-08-15 03:13:08'),
(146, 'Quia odio omnis autem.', 'Dicta corrupti quia nobis aspernatur beatae et. Cum voluptas tempora facere qui nesciunt et. Ut id odit voluptas officiis dolores quisquam. Quia repellat tempore quibusdam quae.', 84, 4, '2021-08-15 03:13:08', '2021-08-15 03:13:08'),
(147, 'Explicabo est aut voluptates aliquam ducimus eaque sed.', 'Laboriosam doloribus aliquid in quia officiis voluptas et. Incidunt ea non deserunt dolorem rem id sit. Et autem repudiandae impedit sint. Ea non enim omnis ad voluptatem.', 112, 7, '2021-08-15 03:13:08', '2021-08-15 03:13:08'),
(148, 'Ut ea id optio itaque exercitationem.', 'Qui dignissimos possimus nobis omnis non non vel. Eius sunt dolorem incidunt officia consequatur. Hic fuga voluptas eaque quae quia. Fugit occaecati earum suscipit odio.', 75, 7, '2021-08-15 03:13:08', '2021-08-15 03:13:08'),
(149, 'Voluptatibus qui et aut quis provident.', 'Qui omnis occaecati eum. Qui recusandae voluptatem dolorum eveniet nobis ea aut. Nesciunt qui deleniti voluptas ipsam minima eaque ipsam.', 25, 15, '2021-08-15 03:13:08', '2021-08-15 03:13:08'),
(150, 'Unde vel rem ipsam officia.', 'Debitis et sit repudiandae. Ex odit porro nobis voluptatem. Qui fuga veritatis qui laboriosam vel. Aut sint reiciendis aut similique iure iusto suscipit.', 34, 15, '2021-08-15 03:13:08', '2021-08-15 03:13:08'),
(151, 'Dolorem exercitationem vel qui aut provident.', 'Ut est corrupti natus dolores. Eveniet tempora aliquam vero incidunt. Iure nulla occaecati aut et.', 38, 2, '2021-08-15 03:13:08', '2021-08-15 03:13:08'),
(152, 'Ut debitis exercitationem laboriosam dolor ducimus deleniti.', 'Sed aut sit sapiente consequuntur. Autem odit deleniti ut repellendus illo explicabo eveniet. Repellat ut sit ipsum eum fugit neque. Perspiciatis natus est ab rerum quod illum.', 18, 10, '2021-08-15 03:13:08', '2021-08-15 03:13:08'),
(153, 'Aperiam adipisci dolore pariatur perferendis esse.', 'Voluptatem eaque at consequatur vitae. Perspiciatis saepe est saepe iure ut labore sit. Non et dolore et maiores et.', 195, 8, '2021-08-15 03:13:08', '2021-08-15 03:13:08'),
(154, 'Facere sed ullam numquam facere laborum quia molestiae.', 'Est aperiam iure laborum aut voluptas quis. Quas accusantium quibusdam dolorem enim.', 117, 12, '2021-08-15 03:13:08', '2021-08-15 03:13:08'),
(155, 'Ut voluptatem ut dolores delectus quidem dolorum.', 'Repellat et qui sit dolore recusandae similique aliquid. Enim expedita culpa aliquid repellendus voluptatibus. Et tempora voluptas quia vero totam.', 132, 16, '2021-08-15 03:13:08', '2021-08-15 03:13:08'),
(156, 'Quo consequatur quod sint qui.', 'Quia molestiae nostrum numquam. Vero consequatur excepturi aspernatur vero incidunt vitae. Illo necessitatibus quidem est. Doloremque est fugiat perspiciatis omnis. Error vel deleniti qui vel vitae.', 64, 16, '2021-08-15 03:13:08', '2021-08-15 03:13:08'),
(157, 'Dolores est optio quo.', 'Sed sit quod reiciendis ducimus omnis. Consequatur et iste illo quaerat. Et quasi ea error maiores magni. Quas fugit odio illo ex.', 198, 5, '2021-08-15 03:13:08', '2021-08-15 03:13:08'),
(158, 'Dolorem non qui assumenda necessitatibus voluptatibus repellendus.', 'Accusamus quisquam voluptas tempora quo ut est eligendi. Placeat natus veritatis eius maxime officia. Sapiente consequuntur perferendis id perferendis occaecati.', 11, 10, '2021-08-15 03:13:08', '2021-08-15 03:13:08'),
(159, 'Aliquid qui sunt eos voluptatem aut laudantium voluptas.', 'Eos qui voluptas nostrum aspernatur amet. Accusamus maxime et possimus quasi tenetur. Iusto et nam sit rem et ut modi.', 128, 14, '2021-08-15 03:13:09', '2021-08-15 03:13:09'),
(160, 'Est tempore officia unde ad commodi.', 'Itaque voluptate qui ducimus dolorem dolor. Aut saepe sequi expedita provident itaque quae. Nisi sunt ut modi nam a pariatur et. Non magnam voluptatem asperiores vel ut aliquam.', 192, 9, '2021-08-15 03:13:09', '2021-08-15 03:13:09'),
(161, 'Tempore est ut odio voluptas veniam.', 'Quia neque enim nemo repellat corporis. Nihil ratione ut rerum porro nesciunt provident. Autem aut omnis accusamus. Provident deserunt enim aut maiores.', 92, 13, '2021-08-15 03:13:09', '2021-08-15 03:13:09'),
(162, 'Quia dolor vitae eaque voluptate.', 'Ad eum cumque culpa et id. Ducimus maiores voluptatem saepe suscipit dolor. Et accusamus quisquam dolor magnam suscipit nemo libero. Qui non maiores qui veritatis ut soluta.', 153, 15, '2021-08-15 03:13:09', '2021-08-15 03:13:09'),
(163, 'Reiciendis et commodi aliquid iure quis.', 'Illum animi veritatis deleniti ea. Nam aut praesentium est aut voluptas omnis fugit. Consequatur nam corrupti vel omnis.', 74, 8, '2021-08-15 03:13:09', '2021-08-15 03:13:09'),
(164, 'Et recusandae expedita non perspiciatis voluptatibus.', 'Aut nulla nesciunt at. Eum ad et repudiandae itaque. Eveniet aut enim eius. Maiores repellendus quis autem qui.', 166, 4, '2021-08-15 03:13:09', '2021-08-15 03:13:09'),
(165, 'Asperiores dolores saepe voluptas a provident error.', 'Quo ea autem doloremque ipsum modi. Nihil maiores corrupti deserunt delectus voluptatum laudantium magni. Aliquid quo est et maiores.', 116, 6, '2021-08-15 03:13:09', '2021-08-15 03:13:09'),
(166, 'Ut temporibus eligendi error illo hic ratione molestiae deleniti.', 'Rerum dolor eos voluptatem quisquam tempore enim. Quae amet tempore expedita illo impedit. Et pariatur architecto perspiciatis iste dolorum culpa.', 178, 14, '2021-08-15 03:13:09', '2021-08-15 03:13:09'),
(167, 'Aut quis rerum voluptatibus aut fugiat similique fuga culpa.', 'Sit quibusdam magni non quod dolore officia nihil. Ipsum est eos voluptas aspernatur id distinctio et temporibus. Quae voluptas qui non et ea. Et sit necessitatibus in molestiae.', 132, 13, '2021-08-15 03:13:10', '2021-08-15 03:13:10'),
(168, 'Aliquid beatae nisi tempore aut molestias.', 'Omnis atque omnis temporibus quasi enim sunt sapiente. Et suscipit eius aut non alias iusto. Ut dicta incidunt reprehenderit dolorem minima eius.', 144, 17, '2021-08-15 03:13:10', '2021-08-15 03:13:10'),
(169, 'Sint sed ipsum dolores labore autem optio rerum.', 'Praesentium dignissimos tempore illum blanditiis. Quas repellendus sunt maxime incidunt eum animi. Provident commodi laborum mollitia.', 114, 8, '2021-08-15 03:13:10', '2021-08-15 03:13:10'),
(170, 'Sint aspernatur dolores iste est et aut dignissimos.', 'Quae fugit laboriosam vel incidunt. Magni ut odio magnam est. Quis quia ipsa assumenda possimus sit iusto labore.', 8, 20, '2021-08-15 03:13:10', '2021-08-15 03:13:10'),
(171, 'Autem nihil odit laboriosam ea.', 'Quo corrupti facilis atque temporibus qui. Modi numquam rerum autem impedit. Voluptas et exercitationem neque cum distinctio vel.', 41, 10, '2021-08-15 03:13:10', '2021-08-15 03:13:10'),
(172, 'Nulla qui explicabo velit iure odit.', 'Ea porro numquam beatae. Et vero sit amet est sint voluptas. Saepe eos eum est hic exercitationem. Quo quo sed quam quasi.', 123, 14, '2021-08-15 03:13:10', '2021-08-15 03:13:10'),
(173, 'Nemo non et dolor deleniti tempora rerum.', 'Sit et sit molestiae alias ipsum impedit. Optio ratione doloremque eos dolores. Animi nemo dolore aperiam est quis. Dignissimos aut ex eos rem eos nobis sed.', 70, 11, '2021-08-15 03:13:10', '2021-08-15 03:13:10'),
(174, 'Laudantium doloremque et qui neque nam.', 'Quisquam ipsa quisquam voluptas molestiae soluta cum minima odio. Sint ut iure temporibus id. Earum magnam est mollitia voluptatibus itaque.', 140, 11, '2021-08-15 03:13:10', '2021-08-15 03:13:10'),
(175, 'Fugiat ex blanditiis in quasi.', 'Qui debitis earum eveniet repellat molestias deserunt inventore vitae. Odio maiores qui qui non quo totam. Magni ut omnis nostrum quia itaque provident sed.', 74, 6, '2021-08-15 03:13:10', '2021-08-15 03:13:10'),
(176, 'Rerum labore id consequatur eveniet illum et.', 'Non quaerat accusantium delectus amet culpa facilis rerum. Deleniti beatae rerum sunt tempora ipsam dolore. In id id quo placeat perspiciatis sed.', 94, 8, '2021-08-15 03:13:10', '2021-08-15 03:13:10'),
(177, 'Unde autem non deleniti modi cupiditate.', 'Quia voluptatem aut similique et. Consequuntur doloribus aut eum ullam. Non ut ipsum dicta nesciunt molestiae quam consequuntur.', 185, 3, '2021-08-15 03:13:10', '2021-08-15 03:13:10'),
(178, 'Tempora est id assumenda illo doloremque ea.', 'Odio amet nulla et totam dignissimos. Quia sint consequatur quia dolor. Quis autem voluptatum asperiores voluptatem illo. Ullam impedit facilis ea ipsa aut ad earum.', 147, 13, '2021-08-15 03:13:10', '2021-08-15 03:13:10'),
(179, 'Eius dolores voluptatem minus.', 'Sed magnam neque officiis quae. Qui eveniet qui dolore quia et. Tenetur accusamus quia in dolorum. Culpa consequatur quo magni doloribus reiciendis soluta consectetur praesentium.', 114, 6, '2021-08-15 03:13:11', '2021-08-15 03:13:11'),
(180, 'Dolores expedita aut consequatur magnam nemo harum.', 'Cupiditate qui dolore dolor minus nulla temporibus. Itaque alias sapiente at dolor deserunt incidunt. Vitae voluptatum quis aut.', 172, 16, '2021-08-15 03:13:11', '2021-08-15 03:13:11'),
(181, 'Ipsam distinctio est nihil quia.', 'Ex omnis et eos illo modi minus necessitatibus. Tenetur vitae dolores ut ea assumenda. Beatae omnis earum dignissimos quis itaque veritatis laboriosam et.', 82, 10, '2021-08-15 03:13:11', '2021-08-15 03:13:11'),
(182, 'Quasi et dolorum ipsum neque voluptate praesentium ipsam.', 'Itaque exercitationem reprehenderit amet excepturi error. Dolorem molestiae dolorum nostrum aut quis delectus qui consectetur. Quasi occaecati quidem quia fuga consequatur fuga porro.', 173, 18, '2021-08-15 03:13:11', '2021-08-15 03:13:11'),
(183, 'Minus unde ducimus consequatur qui et rerum necessitatibus.', 'Deleniti et in culpa nihil illum qui. Ad consequatur sed facere. Facere pariatur exercitationem sapiente aut quo incidunt quis repudiandae.', 174, 6, '2021-08-15 03:13:11', '2021-08-15 03:13:11'),
(184, 'Dicta qui dolores animi.', 'Ut cumque non ullam. Occaecati perferendis non quidem. Aperiam et nostrum praesentium non id id consequatur.', 161, 16, '2021-08-15 03:13:11', '2021-08-15 03:13:11'),
(185, 'Illo consequatur deleniti recusandae qui recusandae excepturi.', 'Ut et molestias qui. Qui voluptatem et quo laborum. Sit quis debitis recusandae temporibus.', 35, 10, '2021-08-15 03:13:11', '2021-08-15 03:13:11'),
(186, 'Libero ipsa vel praesentium quisquam libero earum.', 'Deserunt perferendis unde voluptates aspernatur. Quaerat quae consequuntur eveniet aspernatur. Inventore illo aut facilis et tempora minus consectetur. Et illum voluptate quia quia suscipit ex.', 190, 18, '2021-08-15 03:13:11', '2021-08-15 03:13:11'),
(187, 'Qui tempora molestiae molestiae temporibus omnis et.', 'Et nihil vitae voluptatem totam. Cum ducimus a delectus aperiam qui tenetur mollitia.', 184, 3, '2021-08-15 03:13:11', '2021-08-15 03:13:11'),
(188, 'Ea nihil praesentium voluptatem enim dolorum eum assumenda.', 'Quaerat quidem et blanditiis. Id voluptatem natus nihil in provident. Facere odit non est ab explicabo minima quas. Voluptatem est occaecati nihil.', 35, 11, '2021-08-15 03:13:11', '2021-08-15 03:13:11'),
(189, 'Aut ea recusandae quasi.', 'Eum esse omnis non non voluptatem iure. Blanditiis voluptates autem modi possimus necessitatibus velit maxime. Magni ratione sapiente eligendi. Delectus nostrum nobis amet possimus fugit vel.', 95, 15, '2021-08-15 03:13:11', '2021-08-15 03:13:11'),
(190, 'Sapiente molestiae quo sit sed quae vel.', 'Repudiandae non doloribus laudantium numquam. Quibusdam harum est modi tempore quod non ratione. Error voluptatem blanditiis veritatis molestias iusto non eos nam. Explicabo quas at cum sunt.', 17, 20, '2021-08-15 03:13:12', '2021-08-15 03:13:12'),
(191, 'Est ut vel illum delectus est vitae delectus.', 'Dolorem maxime optio quia amet quidem hic. Laborum praesentium inventore ratione nemo sunt. Adipisci quis repellat in ut tempora.', 103, 11, '2021-08-15 03:13:12', '2021-08-15 03:13:12'),
(192, 'Dolor porro voluptas ipsa atque quae.', 'Molestiae fugiat quod quis rerum. Voluptate ut voluptate explicabo dignissimos aliquid nisi aliquid. Ut praesentium facere qui.', 6, 5, '2021-08-15 03:13:12', '2021-08-15 03:13:12'),
(193, 'Maxime eveniet harum tempore alias et est dolores.', 'Quia quos nihil ab voluptates voluptas neque consectetur. Perferendis incidunt officia quae odio aut inventore. Qui impedit omnis eos sed non voluptates a. Ad nam ex dolorem a est dolorem corporis.', 85, 8, '2021-08-15 03:13:12', '2021-08-15 03:13:12'),
(194, 'Dolore qui sit assumenda molestias eaque numquam.', 'Modi sint quis eos nostrum deleniti. Reiciendis velit vitae iure nihil velit quidem.', 156, 1, '2021-08-15 03:13:12', '2021-08-15 03:13:12');
INSERT INTO `posts` (`id`, `title`, `description`, `user_id`, `category_id`, `created_at`, `updated_at`) VALUES
(195, 'Nobis eum et nihil assumenda ad.', 'Qui ut quia nihil natus quibusdam placeat qui. Sit laboriosam sint nam quas alias. Non ab sint temporibus nisi explicabo accusantium accusantium. Tempora et magni libero nemo nobis maxime.', 49, 15, '2021-08-15 03:13:12', '2021-08-15 03:13:12'),
(196, 'Tempore omnis cupiditate sint omnis id quis provident.', 'Nulla aut ipsam eos et quaerat doloremque nobis. In voluptas ut ipsum aperiam praesentium velit sequi. Provident occaecati tempora quo delectus et ea.', 91, 11, '2021-08-15 03:13:12', '2021-08-15 03:13:12'),
(197, 'Sed quis exercitationem ut unde corrupti.', 'Dicta qui quos voluptatibus quisquam. Eum quia voluptatum ducimus. Est aut quasi est. Minima nihil repudiandae inventore aut. Assumenda voluptas id cum. Maiores ex odit ipsam aut.', 50, 12, '2021-08-15 03:13:12', '2021-08-15 03:13:12'),
(198, 'Dolores cum qui et eum ducimus iste iure aliquid.', 'Numquam qui earum alias voluptatem. Qui quo qui aut. Optio aut corrupti qui non atque assumenda. Optio quam voluptates praesentium quis ut non voluptatem ipsam.', 4, 9, '2021-08-15 03:13:12', '2021-08-15 03:13:12'),
(199, 'Voluptatum corporis ut eos explicabo aut et.', 'Repudiandae rerum cumque nihil. Rem impedit officia non dolorem. Qui non dolor expedita aliquam vitae iusto inventore. Dolor voluptatem eaque deserunt.', 14, 20, '2021-08-15 03:13:12', '2021-08-15 03:13:12'),
(200, 'Illum labore illum ut.', 'Ratione aut et quaerat praesentium dolore et autem omnis. Voluptatum ipsam atque facere quidem rerum et numquam. Quas in itaque porro optio quibusdam recusandae amet.', 200, 12, '2021-08-15 03:13:12', '2021-08-15 03:13:12');

-- --------------------------------------------------------

--
-- Table structure for table `users`
--

CREATE TABLE `users` (
  `id` bigint(20) UNSIGNED NOT NULL,
  `name` varchar(255) COLLATE utf8mb4_unicode_ci NOT NULL,
  `email` varchar(255) COLLATE utf8mb4_unicode_ci NOT NULL,
  `email_verified_at` timestamp NULL DEFAULT NULL,
  `password` varchar(255) COLLATE utf8mb4_unicode_ci NOT NULL,
  `remember_token` varchar(100) COLLATE utf8mb4_unicode_ci DEFAULT NULL,
  `created_at` timestamp NULL DEFAULT NULL,
  `updated_at` timestamp NULL DEFAULT NULL
) ENGINE=InnoDB DEFAULT CHARSET=utf8mb4 COLLATE=utf8mb4_unicode_ci;

--
-- Dumping data for table `users`
--

INSERT INTO `users` (`id`, `name`, `email`, `email_verified_at`, `password`, `remember_token`, `created_at`, `updated_at`) VALUES
(1, 'Rosanna Willms', 'ilubowitz@example.org', '2021-08-15 03:12:43', '$2y$10$92IXUNpkjO0rOQ5byMi.Ye4oKoEa3Ro9llC/.og/at2.uheWG/igi', '7hUPsF4RoL', '2021-08-15 03:12:43', '2021-08-15 03:12:43'),
(2, 'Houston Funk', 'alivia.mayer@example.com', '2021-08-15 03:12:43', '$2y$10$92IXUNpkjO0rOQ5byMi.Ye4oKoEa3Ro9llC/.og/at2.uheWG/igi', 'Zdf1mYJLIi', '2021-08-15 03:12:43', '2021-08-15 03:12:43'),
(3, 'Dr. Francesco Dicki', 'lexi07@example.com', '2021-08-15 03:12:43', '$2y$10$92IXUNpkjO0rOQ5byMi.Ye4oKoEa3Ro9llC/.og/at2.uheWG/igi', 'nKaGyrXKHB', '2021-08-15 03:12:43', '2021-08-15 03:12:43'),
(4, 'Rosalinda Wyman', 'vkuvalis@example.org', '2021-08-15 03:12:43', '$2y$10$92IXUNpkjO0rOQ5byMi.Ye4oKoEa3Ro9llC/.og/at2.uheWG/igi', 'LRKIsuUgLF', '2021-08-15 03:12:43', '2021-08-15 03:12:43'),
(5, 'Josie Anderson', 'sterry@example.org', '2021-08-15 03:12:43', '$2y$10$92IXUNpkjO0rOQ5byMi.Ye4oKoEa3Ro9llC/.og/at2.uheWG/igi', 'yTp7lWRX3k', '2021-08-15 03:12:43', '2021-08-15 03:12:43'),
(6, 'Shaun Kerluke', 'cary.wolf@example.org', '2021-08-15 03:12:43', '$2y$10$92IXUNpkjO0rOQ5byMi.Ye4oKoEa3Ro9llC/.og/at2.uheWG/igi', 'xrNcnV7JDD', '2021-08-15 03:12:43', '2021-08-15 03:12:43'),
(7, 'Baylee Lehner PhD', 'forrest.moen@example.net', '2021-08-15 03:12:43', '$2y$10$92IXUNpkjO0rOQ5byMi.Ye4oKoEa3Ro9llC/.og/at2.uheWG/igi', 'AtYF2zTDio', '2021-08-15 03:12:43', '2021-08-15 03:12:43'),
(8, 'Ladarius McCullough', 'cassin.amalia@example.net', '2021-08-15 03:12:43', '$2y$10$92IXUNpkjO0rOQ5byMi.Ye4oKoEa3Ro9llC/.og/at2.uheWG/igi', 'mYb9ULnuEp', '2021-08-15 03:12:43', '2021-08-15 03:12:43'),
(9, 'Estevan Huel', 'gonzalo32@example.com', '2021-08-15 03:12:43', '$2y$10$92IXUNpkjO0rOQ5byMi.Ye4oKoEa3Ro9llC/.og/at2.uheWG/igi', 'zRe2XrlyqS', '2021-08-15 03:12:43', '2021-08-15 03:12:43'),
(10, 'Prof. Dax Von', 'graham.runte@example.org', '2021-08-15 03:12:43', '$2y$10$92IXUNpkjO0rOQ5byMi.Ye4oKoEa3Ro9llC/.og/at2.uheWG/igi', '3nm843kv1x', '2021-08-15 03:12:43', '2021-08-15 03:12:43'),
(11, 'Drake Nitzsche II', 'erika00@example.com', '2021-08-15 03:12:43', '$2y$10$92IXUNpkjO0rOQ5byMi.Ye4oKoEa3Ro9llC/.og/at2.uheWG/igi', 'l5IQH7Hv8Z', '2021-08-15 03:12:43', '2021-08-15 03:12:43'),
(12, 'Eliza Beatty', 'javier97@example.com', '2021-08-15 03:12:43', '$2y$10$92IXUNpkjO0rOQ5byMi.Ye4oKoEa3Ro9llC/.og/at2.uheWG/igi', 'Z2UxH9vq0K', '2021-08-15 03:12:43', '2021-08-15 03:12:43'),
(13, 'Maye Littel', 'xcasper@example.org', '2021-08-15 03:12:43', '$2y$10$92IXUNpkjO0rOQ5byMi.Ye4oKoEa3Ro9llC/.og/at2.uheWG/igi', 'EDJc2qLqVF', '2021-08-15 03:12:43', '2021-08-15 03:12:43'),
(14, 'Christ Bernier', 'keshaun46@example.com', '2021-08-15 03:12:43', '$2y$10$92IXUNpkjO0rOQ5byMi.Ye4oKoEa3Ro9llC/.og/at2.uheWG/igi', 'M4CPDgpTRx', '2021-08-15 03:12:43', '2021-08-15 03:12:43'),
(15, 'Annamarie Abshire II', 'kuvalis.sheridan@example.com', '2021-08-15 03:12:43', '$2y$10$92IXUNpkjO0rOQ5byMi.Ye4oKoEa3Ro9llC/.og/at2.uheWG/igi', 'B6LlMclMEv', '2021-08-15 03:12:44', '2021-08-15 03:12:44'),
(16, 'Mateo Rippin', 'bo.medhurst@example.net', '2021-08-15 03:12:43', '$2y$10$92IXUNpkjO0rOQ5byMi.Ye4oKoEa3Ro9llC/.og/at2.uheWG/igi', 'CUo3BZe98m', '2021-08-15 03:12:44', '2021-08-15 03:12:44'),
(17, 'Jarrell Schuppe', 'marge96@example.com', '2021-08-15 03:12:43', '$2y$10$92IXUNpkjO0rOQ5byMi.Ye4oKoEa3Ro9llC/.og/at2.uheWG/igi', 'HNXZQKBFRk', '2021-08-15 03:12:44', '2021-08-15 03:12:44'),
(18, 'Emerald Predovic Sr.', 'karlee80@example.com', '2021-08-15 03:12:43', '$2y$10$92IXUNpkjO0rOQ5byMi.Ye4oKoEa3Ro9llC/.og/at2.uheWG/igi', 'NzJ8rvHhgw', '2021-08-15 03:12:44', '2021-08-15 03:12:44'),
(19, 'Prof. Bridie Schuster I', 'ruben87@example.net', '2021-08-15 03:12:43', '$2y$10$92IXUNpkjO0rOQ5byMi.Ye4oKoEa3Ro9llC/.og/at2.uheWG/igi', 'qknsMFJXTp', '2021-08-15 03:12:44', '2021-08-15 03:12:44'),
(20, 'Mr. Caleb Johnson DDS', 'zetta35@example.com', '2021-08-15 03:12:43', '$2y$10$92IXUNpkjO0rOQ5byMi.Ye4oKoEa3Ro9llC/.og/at2.uheWG/igi', 'skFntCUKcd', '2021-08-15 03:12:44', '2021-08-15 03:12:44'),
(21, 'Alisha Crooks', 'jarmstrong@example.com', '2021-08-15 03:12:43', '$2y$10$92IXUNpkjO0rOQ5byMi.Ye4oKoEa3Ro9llC/.og/at2.uheWG/igi', 'jPYNXX9tLL', '2021-08-15 03:12:44', '2021-08-15 03:12:44'),
(22, 'Domingo Wuckert', 'lowe.alivia@example.com', '2021-08-15 03:12:43', '$2y$10$92IXUNpkjO0rOQ5byMi.Ye4oKoEa3Ro9llC/.og/at2.uheWG/igi', 'FnMQ2vdBrg', '2021-08-15 03:12:44', '2021-08-15 03:12:44'),
(23, 'Jacinthe Von', 'rippin.lucile@example.net', '2021-08-15 03:12:43', '$2y$10$92IXUNpkjO0rOQ5byMi.Ye4oKoEa3Ro9llC/.og/at2.uheWG/igi', 'RhTrWeJ1Js', '2021-08-15 03:12:44', '2021-08-15 03:12:44'),
(24, 'Dr. Cydney Bogisich MD', 'swolf@example.com', '2021-08-15 03:12:43', '$2y$10$92IXUNpkjO0rOQ5byMi.Ye4oKoEa3Ro9llC/.og/at2.uheWG/igi', 'VZqMnsczIa', '2021-08-15 03:12:44', '2021-08-15 03:12:44'),
(25, 'Priscilla Roob', 'johnnie.huel@example.com', '2021-08-15 03:12:43', '$2y$10$92IXUNpkjO0rOQ5byMi.Ye4oKoEa3Ro9llC/.og/at2.uheWG/igi', '8pmI81Z1WI', '2021-08-15 03:12:44', '2021-08-15 03:12:44'),
(26, 'Zachariah Gibson', 'mebert@example.org', '2021-08-15 03:12:43', '$2y$10$92IXUNpkjO0rOQ5byMi.Ye4oKoEa3Ro9llC/.og/at2.uheWG/igi', '5wuxLXRhId', '2021-08-15 03:12:44', '2021-08-15 03:12:44'),
(27, 'Felix Little', 'kay10@example.com', '2021-08-15 03:12:43', '$2y$10$92IXUNpkjO0rOQ5byMi.Ye4oKoEa3Ro9llC/.og/at2.uheWG/igi', 'CJBAUhr7hq', '2021-08-15 03:12:44', '2021-08-15 03:12:44'),
(28, 'Prof. Harley Haley', 'pedro09@example.org', '2021-08-15 03:12:43', '$2y$10$92IXUNpkjO0rOQ5byMi.Ye4oKoEa3Ro9llC/.og/at2.uheWG/igi', '5NuLVw2n9H', '2021-08-15 03:12:44', '2021-08-15 03:12:44'),
(29, 'Payton Donnelly', 'terry.lawson@example.com', '2021-08-15 03:12:43', '$2y$10$92IXUNpkjO0rOQ5byMi.Ye4oKoEa3Ro9llC/.og/at2.uheWG/igi', '6i7ZsKqwCA', '2021-08-15 03:12:44', '2021-08-15 03:12:44'),
(30, 'Roslyn Block', 'wmohr@example.org', '2021-08-15 03:12:43', '$2y$10$92IXUNpkjO0rOQ5byMi.Ye4oKoEa3Ro9llC/.og/at2.uheWG/igi', 'o9iHsR5CZi', '2021-08-15 03:12:44', '2021-08-15 03:12:44'),
(31, 'Lila Osinski', 'scot32@example.org', '2021-08-15 03:12:43', '$2y$10$92IXUNpkjO0rOQ5byMi.Ye4oKoEa3Ro9llC/.og/at2.uheWG/igi', 'VbJBGHR3xu', '2021-08-15 03:12:44', '2021-08-15 03:12:44'),
(32, 'Lemuel McClure', 'vdubuque@example.net', '2021-08-15 03:12:43', '$2y$10$92IXUNpkjO0rOQ5byMi.Ye4oKoEa3Ro9llC/.og/at2.uheWG/igi', 'VDtmeU09yV', '2021-08-15 03:12:44', '2021-08-15 03:12:44'),
(33, 'Amelia Maggio', 'eunice.kessler@example.net', '2021-08-15 03:12:43', '$2y$10$92IXUNpkjO0rOQ5byMi.Ye4oKoEa3Ro9llC/.og/at2.uheWG/igi', 'QAPFOOAz8b', '2021-08-15 03:12:44', '2021-08-15 03:12:44'),
(34, 'Dr. Franz Stiedemann PhD', 'rahsaan.hackett@example.org', '2021-08-15 03:12:43', '$2y$10$92IXUNpkjO0rOQ5byMi.Ye4oKoEa3Ro9llC/.og/at2.uheWG/igi', 'iSNnUlkKDu', '2021-08-15 03:12:44', '2021-08-15 03:12:44'),
(35, 'Shannon Ortiz', 'eldred60@example.org', '2021-08-15 03:12:43', '$2y$10$92IXUNpkjO0rOQ5byMi.Ye4oKoEa3Ro9llC/.og/at2.uheWG/igi', 'nOzuuaJjID', '2021-08-15 03:12:44', '2021-08-15 03:12:44'),
(36, 'Gudrun Robel', 'ernesto30@example.org', '2021-08-15 03:12:43', '$2y$10$92IXUNpkjO0rOQ5byMi.Ye4oKoEa3Ro9llC/.og/at2.uheWG/igi', 'cQRTPjtbiU', '2021-08-15 03:12:44', '2021-08-15 03:12:44'),
(37, 'Rafael Murazik IV', 'antonina23@example.org', '2021-08-15 03:12:43', '$2y$10$92IXUNpkjO0rOQ5byMi.Ye4oKoEa3Ro9llC/.og/at2.uheWG/igi', 'wf7RwKFcK4', '2021-08-15 03:12:44', '2021-08-15 03:12:44'),
(38, 'Kacie Conroy I', 'kerluke.wilhelm@example.net', '2021-08-15 03:12:43', '$2y$10$92IXUNpkjO0rOQ5byMi.Ye4oKoEa3Ro9llC/.og/at2.uheWG/igi', 'nYG69KIYif', '2021-08-15 03:12:45', '2021-08-15 03:12:45'),
(39, 'Shannon Cummings', 'hadley92@example.net', '2021-08-15 03:12:43', '$2y$10$92IXUNpkjO0rOQ5byMi.Ye4oKoEa3Ro9llC/.og/at2.uheWG/igi', 'gx0r7z8Idu', '2021-08-15 03:12:45', '2021-08-15 03:12:45'),
(40, 'Walker Jenkins', 'vkunde@example.com', '2021-08-15 03:12:43', '$2y$10$92IXUNpkjO0rOQ5byMi.Ye4oKoEa3Ro9llC/.og/at2.uheWG/igi', 'vhY6moetq2', '2021-08-15 03:12:45', '2021-08-15 03:12:45'),
(41, 'Leo Rempel', 'walter.lawson@example.net', '2021-08-15 03:12:43', '$2y$10$92IXUNpkjO0rOQ5byMi.Ye4oKoEa3Ro9llC/.og/at2.uheWG/igi', 'rgULzcD9Tx', '2021-08-15 03:12:45', '2021-08-15 03:12:45'),
(42, 'Miss Myrtle Konopelski MD', 'lew.goldner@example.net', '2021-08-15 03:12:43', '$2y$10$92IXUNpkjO0rOQ5byMi.Ye4oKoEa3Ro9llC/.og/at2.uheWG/igi', 'XZbjh1vZEU', '2021-08-15 03:12:45', '2021-08-15 03:12:45'),
(43, 'Dessie Strosin', 'kamron96@example.com', '2021-08-15 03:12:43', '$2y$10$92IXUNpkjO0rOQ5byMi.Ye4oKoEa3Ro9llC/.og/at2.uheWG/igi', 'a7Qa9RgsON', '2021-08-15 03:12:45', '2021-08-15 03:12:45'),
(44, 'Carmella Hill III', 'diamond.brown@example.com', '2021-08-15 03:12:43', '$2y$10$92IXUNpkjO0rOQ5byMi.Ye4oKoEa3Ro9llC/.og/at2.uheWG/igi', 'gV9Jrf2yfv', '2021-08-15 03:12:45', '2021-08-15 03:12:45'),
(45, 'Milo Dooley', 'laverne.becker@example.net', '2021-08-15 03:12:43', '$2y$10$92IXUNpkjO0rOQ5byMi.Ye4oKoEa3Ro9llC/.og/at2.uheWG/igi', 'hvZUbj50rc', '2021-08-15 03:12:45', '2021-08-15 03:12:45'),
(46, 'Art Haag I', 'kariane07@example.net', '2021-08-15 03:12:43', '$2y$10$92IXUNpkjO0rOQ5byMi.Ye4oKoEa3Ro9llC/.og/at2.uheWG/igi', 'xk0mIIQ4Ez', '2021-08-15 03:12:45', '2021-08-15 03:12:45'),
(47, 'Dale Deckow', 'wilderman.dalton@example.net', '2021-08-15 03:12:43', '$2y$10$92IXUNpkjO0rOQ5byMi.Ye4oKoEa3Ro9llC/.og/at2.uheWG/igi', 'I1VjducG24', '2021-08-15 03:12:45', '2021-08-15 03:12:45'),
(48, 'Mr. Thad Yundt DDS', 'dewayne.kozey@example.org', '2021-08-15 03:12:43', '$2y$10$92IXUNpkjO0rOQ5byMi.Ye4oKoEa3Ro9llC/.og/at2.uheWG/igi', '7Ik0mlNPCp', '2021-08-15 03:12:45', '2021-08-15 03:12:45'),
(49, 'Mrs. Norene McKenzie V', 'brain.bauch@example.com', '2021-08-15 03:12:43', '$2y$10$92IXUNpkjO0rOQ5byMi.Ye4oKoEa3Ro9llC/.og/at2.uheWG/igi', 'gNBY2Dtmld', '2021-08-15 03:12:45', '2021-08-15 03:12:45'),
(50, 'Leanne Pouros', 'summer83@example.org', '2021-08-15 03:12:43', '$2y$10$92IXUNpkjO0rOQ5byMi.Ye4oKoEa3Ro9llC/.og/at2.uheWG/igi', 'pKFnbytBuI', '2021-08-15 03:12:45', '2021-08-15 03:12:45'),
(51, 'Parker Zboncak', 'kevin91@example.org', '2021-08-15 03:12:43', '$2y$10$92IXUNpkjO0rOQ5byMi.Ye4oKoEa3Ro9llC/.og/at2.uheWG/igi', 'eGg9Bt7jxD', '2021-08-15 03:12:45', '2021-08-15 03:12:45'),
(52, 'Dr. Jamaal Zboncak', 'antone.abbott@example.com', '2021-08-15 03:12:43', '$2y$10$92IXUNpkjO0rOQ5byMi.Ye4oKoEa3Ro9llC/.og/at2.uheWG/igi', 'R3mMXRUJBw', '2021-08-15 03:12:45', '2021-08-15 03:12:45'),
(53, 'Shanie O\'Reilly DDS', 'laurie.harber@example.org', '2021-08-15 03:12:43', '$2y$10$92IXUNpkjO0rOQ5byMi.Ye4oKoEa3Ro9llC/.og/at2.uheWG/igi', 'Bdth98A1HQ', '2021-08-15 03:12:45', '2021-08-15 03:12:45'),
(54, 'Prof. Rolando Feeney', 'lhackett@example.net', '2021-08-15 03:12:43', '$2y$10$92IXUNpkjO0rOQ5byMi.Ye4oKoEa3Ro9llC/.og/at2.uheWG/igi', 'fknHaCAEYK', '2021-08-15 03:12:45', '2021-08-15 03:12:45'),
(55, 'Ruthe Kulas', 'krajcik.charley@example.org', '2021-08-15 03:12:43', '$2y$10$92IXUNpkjO0rOQ5byMi.Ye4oKoEa3Ro9llC/.og/at2.uheWG/igi', 'LZI27p9BkT', '2021-08-15 03:12:45', '2021-08-15 03:12:45'),
(56, 'Geoffrey Hammes', 'bstehr@example.net', '2021-08-15 03:12:43', '$2y$10$92IXUNpkjO0rOQ5byMi.Ye4oKoEa3Ro9llC/.og/at2.uheWG/igi', 'AvP1ZxcjgE', '2021-08-15 03:12:45', '2021-08-15 03:12:45'),
(57, 'Princess West I', 'legros.carmela@example.com', '2021-08-15 03:12:43', '$2y$10$92IXUNpkjO0rOQ5byMi.Ye4oKoEa3Ro9llC/.og/at2.uheWG/igi', '1LgDMpdVBF', '2021-08-15 03:12:45', '2021-08-15 03:12:45'),
(58, 'Dr. Trevion Nolan', 'serena60@example.net', '2021-08-15 03:12:43', '$2y$10$92IXUNpkjO0rOQ5byMi.Ye4oKoEa3Ro9llC/.og/at2.uheWG/igi', 'iM8HD6L7YV', '2021-08-15 03:12:45', '2021-08-15 03:12:45'),
(59, 'Saige Herman', 'nmann@example.net', '2021-08-15 03:12:43', '$2y$10$92IXUNpkjO0rOQ5byMi.Ye4oKoEa3Ro9llC/.og/at2.uheWG/igi', 'T6QMkn71IA', '2021-08-15 03:12:45', '2021-08-15 03:12:45'),
(60, 'Miss Lori Koch DDS', 'ostrosin@example.org', '2021-08-15 03:12:43', '$2y$10$92IXUNpkjO0rOQ5byMi.Ye4oKoEa3Ro9llC/.og/at2.uheWG/igi', 'MBjG8oHePT', '2021-08-15 03:12:45', '2021-08-15 03:12:45'),
(61, 'Gaetano Little PhD', 'madison64@example.com', '2021-08-15 03:12:43', '$2y$10$92IXUNpkjO0rOQ5byMi.Ye4oKoEa3Ro9llC/.og/at2.uheWG/igi', '96Q7D4gCdj', '2021-08-15 03:12:45', '2021-08-15 03:12:45'),
(62, 'Cale Hermiston PhD', 'mmiller@example.org', '2021-08-15 03:12:43', '$2y$10$92IXUNpkjO0rOQ5byMi.Ye4oKoEa3Ro9llC/.og/at2.uheWG/igi', 'BwAph7uHqe', '2021-08-15 03:12:45', '2021-08-15 03:12:45'),
(63, 'Mrs. Dominique Bailey DVM', 'patience65@example.org', '2021-08-15 03:12:43', '$2y$10$92IXUNpkjO0rOQ5byMi.Ye4oKoEa3Ro9llC/.og/at2.uheWG/igi', 'uZEnbAzjIw', '2021-08-15 03:12:45', '2021-08-15 03:12:45'),
(64, 'Dr. River Haley', 'chase.predovic@example.com', '2021-08-15 03:12:43', '$2y$10$92IXUNpkjO0rOQ5byMi.Ye4oKoEa3Ro9llC/.og/at2.uheWG/igi', 'ZghEtK5zzE', '2021-08-15 03:12:45', '2021-08-15 03:12:45'),
(65, 'Ms. Alexandra Schoen', 'meghan.gulgowski@example.net', '2021-08-15 03:12:43', '$2y$10$92IXUNpkjO0rOQ5byMi.Ye4oKoEa3Ro9llC/.og/at2.uheWG/igi', '2SzvWploYF', '2021-08-15 03:12:46', '2021-08-15 03:12:46'),
(66, 'Mrs. Dessie Pouros Jr.', 'trenner@example.com', '2021-08-15 03:12:43', '$2y$10$92IXUNpkjO0rOQ5byMi.Ye4oKoEa3Ro9llC/.og/at2.uheWG/igi', 'xRHHdDnmFY', '2021-08-15 03:12:46', '2021-08-15 03:12:46'),
(67, 'Delmer Ebert', 'waelchi.napoleon@example.net', '2021-08-15 03:12:43', '$2y$10$92IXUNpkjO0rOQ5byMi.Ye4oKoEa3Ro9llC/.og/at2.uheWG/igi', 'XEq4xhPCPc', '2021-08-15 03:12:46', '2021-08-15 03:12:46'),
(68, 'Annette Stehr PhD', 'myrtle36@example.net', '2021-08-15 03:12:43', '$2y$10$92IXUNpkjO0rOQ5byMi.Ye4oKoEa3Ro9llC/.og/at2.uheWG/igi', '8AXawl3aSY', '2021-08-15 03:12:46', '2021-08-15 03:12:46'),
(69, 'Jacinthe Greenfelder', 'pwilliamson@example.org', '2021-08-15 03:12:43', '$2y$10$92IXUNpkjO0rOQ5byMi.Ye4oKoEa3Ro9llC/.og/at2.uheWG/igi', 'xT6IIfsHtS', '2021-08-15 03:12:46', '2021-08-15 03:12:46'),
(70, 'Earl Gibson III', 'schaefer.krista@example.net', '2021-08-15 03:12:43', '$2y$10$92IXUNpkjO0rOQ5byMi.Ye4oKoEa3Ro9llC/.og/at2.uheWG/igi', 'SInmwpk9zP', '2021-08-15 03:12:46', '2021-08-15 03:12:46'),
(71, 'Lionel Denesik', 'harvey.francesco@example.com', '2021-08-15 03:12:43', '$2y$10$92IXUNpkjO0rOQ5byMi.Ye4oKoEa3Ro9llC/.og/at2.uheWG/igi', 'NbLBj8cs0k', '2021-08-15 03:12:46', '2021-08-15 03:12:46'),
(72, 'Diamond Brown MD', 'holden48@example.com', '2021-08-15 03:12:43', '$2y$10$92IXUNpkjO0rOQ5byMi.Ye4oKoEa3Ro9llC/.og/at2.uheWG/igi', 'O5OEhQvTw4', '2021-08-15 03:12:46', '2021-08-15 03:12:46'),
(73, 'Agustin Langworth', 'jast.terry@example.net', '2021-08-15 03:12:43', '$2y$10$92IXUNpkjO0rOQ5byMi.Ye4oKoEa3Ro9llC/.og/at2.uheWG/igi', 'Xb0HZYLzPz', '2021-08-15 03:12:46', '2021-08-15 03:12:46'),
(74, 'Alana Feeney MD', 'hahn.freda@example.com', '2021-08-15 03:12:43', '$2y$10$92IXUNpkjO0rOQ5byMi.Ye4oKoEa3Ro9llC/.og/at2.uheWG/igi', 'StRhy0DqQt', '2021-08-15 03:12:46', '2021-08-15 03:12:46'),
(75, 'Jermey Steuber', 'verda78@example.com', '2021-08-15 03:12:43', '$2y$10$92IXUNpkjO0rOQ5byMi.Ye4oKoEa3Ro9llC/.og/at2.uheWG/igi', 'L7hF2sjh5W', '2021-08-15 03:12:46', '2021-08-15 03:12:46'),
(76, 'Omer Kling', 'jbogisich@example.net', '2021-08-15 03:12:43', '$2y$10$92IXUNpkjO0rOQ5byMi.Ye4oKoEa3Ro9llC/.og/at2.uheWG/igi', 'kvfSZSzXPh', '2021-08-15 03:12:46', '2021-08-15 03:12:46'),
(77, 'Valentine Graham', 'twila38@example.com', '2021-08-15 03:12:43', '$2y$10$92IXUNpkjO0rOQ5byMi.Ye4oKoEa3Ro9llC/.og/at2.uheWG/igi', '2eBvCzjHd7', '2021-08-15 03:12:46', '2021-08-15 03:12:46'),
(78, 'Lina Padberg', 'dangelo55@example.net', '2021-08-15 03:12:43', '$2y$10$92IXUNpkjO0rOQ5byMi.Ye4oKoEa3Ro9llC/.og/at2.uheWG/igi', 'LfozNB202P', '2021-08-15 03:12:46', '2021-08-15 03:12:46'),
(79, 'Dr. Korbin Glover', 'katarina.borer@example.org', '2021-08-15 03:12:43', '$2y$10$92IXUNpkjO0rOQ5byMi.Ye4oKoEa3Ro9llC/.og/at2.uheWG/igi', 'lxFLjVukRb', '2021-08-15 03:12:46', '2021-08-15 03:12:46'),
(80, 'Alfredo Johnson', 'vjacobs@example.net', '2021-08-15 03:12:43', '$2y$10$92IXUNpkjO0rOQ5byMi.Ye4oKoEa3Ro9llC/.og/at2.uheWG/igi', '4izv8FT5Fo', '2021-08-15 03:12:46', '2021-08-15 03:12:46'),
(81, 'Marvin Stracke Jr.', 'abbott.emmie@example.com', '2021-08-15 03:12:43', '$2y$10$92IXUNpkjO0rOQ5byMi.Ye4oKoEa3Ro9llC/.og/at2.uheWG/igi', 'yq3q0H96oJ', '2021-08-15 03:12:46', '2021-08-15 03:12:46'),
(82, 'Walker Swift', 'cronin.karelle@example.org', '2021-08-15 03:12:43', '$2y$10$92IXUNpkjO0rOQ5byMi.Ye4oKoEa3Ro9llC/.og/at2.uheWG/igi', 'd1LdUyrAjT', '2021-08-15 03:12:47', '2021-08-15 03:12:47'),
(83, 'Sydnee Barton', 'creola.dibbert@example.net', '2021-08-15 03:12:43', '$2y$10$92IXUNpkjO0rOQ5byMi.Ye4oKoEa3Ro9llC/.og/at2.uheWG/igi', 'wqIXYAm6vh', '2021-08-15 03:12:47', '2021-08-15 03:12:47'),
(84, 'Prof. Nikolas Zieme PhD', 'gardner58@example.net', '2021-08-15 03:12:43', '$2y$10$92IXUNpkjO0rOQ5byMi.Ye4oKoEa3Ro9llC/.og/at2.uheWG/igi', 'nbsdMMPzNh', '2021-08-15 03:12:47', '2021-08-15 03:12:47'),
(85, 'Darby Thiel', 'carol22@example.com', '2021-08-15 03:12:43', '$2y$10$92IXUNpkjO0rOQ5byMi.Ye4oKoEa3Ro9llC/.og/at2.uheWG/igi', '20npsIpRzA', '2021-08-15 03:12:47', '2021-08-15 03:12:47'),
(86, 'Mr. Remington Harber', 'jschoen@example.org', '2021-08-15 03:12:43', '$2y$10$92IXUNpkjO0rOQ5byMi.Ye4oKoEa3Ro9llC/.og/at2.uheWG/igi', 'UJBIiFIzRJ', '2021-08-15 03:12:47', '2021-08-15 03:12:47'),
(87, 'Josie Rutherford', 'carlos.towne@example.net', '2021-08-15 03:12:43', '$2y$10$92IXUNpkjO0rOQ5byMi.Ye4oKoEa3Ro9llC/.og/at2.uheWG/igi', '0GZDv33z4W', '2021-08-15 03:12:47', '2021-08-15 03:12:47'),
(88, 'Earline Brakus Sr.', 'mayert.vivienne@example.com', '2021-08-15 03:12:43', '$2y$10$92IXUNpkjO0rOQ5byMi.Ye4oKoEa3Ro9llC/.og/at2.uheWG/igi', 'X57jcsGKS6', '2021-08-15 03:12:47', '2021-08-15 03:12:47'),
(89, 'Prof. America Kessler V', 'madisen79@example.org', '2021-08-15 03:12:43', '$2y$10$92IXUNpkjO0rOQ5byMi.Ye4oKoEa3Ro9llC/.og/at2.uheWG/igi', 'q0xUZvhYvJ', '2021-08-15 03:12:47', '2021-08-15 03:12:47'),
(90, 'Ms. Hilma Schiller', 'edna50@example.com', '2021-08-15 03:12:43', '$2y$10$92IXUNpkjO0rOQ5byMi.Ye4oKoEa3Ro9llC/.og/at2.uheWG/igi', 'EzJbzwAxNa', '2021-08-15 03:12:47', '2021-08-15 03:12:47'),
(91, 'Mauricio Konopelski MD', 'mayra.hickle@example.org', '2021-08-15 03:12:43', '$2y$10$92IXUNpkjO0rOQ5byMi.Ye4oKoEa3Ro9llC/.og/at2.uheWG/igi', 'XqVxkjeqta', '2021-08-15 03:12:47', '2021-08-15 03:12:47'),
(92, 'Dejuan Upton', 'phoebe.bashirian@example.com', '2021-08-15 03:12:43', '$2y$10$92IXUNpkjO0rOQ5byMi.Ye4oKoEa3Ro9llC/.og/at2.uheWG/igi', '3V6gF2PFBX', '2021-08-15 03:12:47', '2021-08-15 03:12:47'),
(93, 'Amelia Gulgowski', 'constantin65@example.com', '2021-08-15 03:12:43', '$2y$10$92IXUNpkjO0rOQ5byMi.Ye4oKoEa3Ro9llC/.og/at2.uheWG/igi', 'n1bOAzDdF1', '2021-08-15 03:12:47', '2021-08-15 03:12:47'),
(94, 'Prof. Kristian Weimann', 'rraynor@example.org', '2021-08-15 03:12:43', '$2y$10$92IXUNpkjO0rOQ5byMi.Ye4oKoEa3Ro9llC/.og/at2.uheWG/igi', 'Pi18v4Rwwe', '2021-08-15 03:12:47', '2021-08-15 03:12:47'),
(95, 'Mr. Theron Larkin', 'maia.howell@example.net', '2021-08-15 03:12:43', '$2y$10$92IXUNpkjO0rOQ5byMi.Ye4oKoEa3Ro9llC/.og/at2.uheWG/igi', 'Bd5YabPWj0', '2021-08-15 03:12:47', '2021-08-15 03:12:47'),
(96, 'Major Grimes', 'veffertz@example.com', '2021-08-15 03:12:43', '$2y$10$92IXUNpkjO0rOQ5byMi.Ye4oKoEa3Ro9llC/.og/at2.uheWG/igi', 'WEgKcDCloS', '2021-08-15 03:12:47', '2021-08-15 03:12:47'),
(97, 'Francisca Bergstrom', 'ottilie.ohara@example.com', '2021-08-15 03:12:43', '$2y$10$92IXUNpkjO0rOQ5byMi.Ye4oKoEa3Ro9llC/.og/at2.uheWG/igi', '4DVWX02CR3', '2021-08-15 03:12:48', '2021-08-15 03:12:48'),
(98, 'Mr. Marcos Stroman', 'jaskolski.haleigh@example.org', '2021-08-15 03:12:43', '$2y$10$92IXUNpkjO0rOQ5byMi.Ye4oKoEa3Ro9llC/.og/at2.uheWG/igi', 'rIw0BMuitf', '2021-08-15 03:12:48', '2021-08-15 03:12:48'),
(99, 'Rogelio Cormier DDS', 'kelli.schmidt@example.com', '2021-08-15 03:12:43', '$2y$10$92IXUNpkjO0rOQ5byMi.Ye4oKoEa3Ro9llC/.og/at2.uheWG/igi', 'riQBTENEsG', '2021-08-15 03:12:48', '2021-08-15 03:12:48'),
(100, 'Berenice Schaden', 'davis.burdette@example.net', '2021-08-15 03:12:43', '$2y$10$92IXUNpkjO0rOQ5byMi.Ye4oKoEa3Ro9llC/.og/at2.uheWG/igi', 'w28nGmTRfh', '2021-08-15 03:12:48', '2021-08-15 03:12:48'),
(101, 'Sylvia Lemke', 'mturner@example.net', '2021-08-15 03:12:43', '$2y$10$92IXUNpkjO0rOQ5byMi.Ye4oKoEa3Ro9llC/.og/at2.uheWG/igi', 'nWf8jU1rwj', '2021-08-15 03:12:48', '2021-08-15 03:12:48'),
(102, 'Mrs. Alessandra Schamberger', 'avery.hickle@example.net', '2021-08-15 03:12:43', '$2y$10$92IXUNpkjO0rOQ5byMi.Ye4oKoEa3Ro9llC/.og/at2.uheWG/igi', 'fI4ag6f6cD', '2021-08-15 03:12:48', '2021-08-15 03:12:48'),
(103, 'Myriam Satterfield Jr.', 'eleonore.bradtke@example.com', '2021-08-15 03:12:43', '$2y$10$92IXUNpkjO0rOQ5byMi.Ye4oKoEa3Ro9llC/.og/at2.uheWG/igi', 'EwMi6cFNg0', '2021-08-15 03:12:48', '2021-08-15 03:12:48'),
(104, 'Ms. Glenna Braun MD', 'weber.princess@example.com', '2021-08-15 03:12:43', '$2y$10$92IXUNpkjO0rOQ5byMi.Ye4oKoEa3Ro9llC/.og/at2.uheWG/igi', 'CDQ7WcpX7S', '2021-08-15 03:12:48', '2021-08-15 03:12:48'),
(105, 'Prof. Demarcus Romaguera I', 'vheidenreich@example.com', '2021-08-15 03:12:43', '$2y$10$92IXUNpkjO0rOQ5byMi.Ye4oKoEa3Ro9llC/.og/at2.uheWG/igi', 'cLuX9hqY4V', '2021-08-15 03:12:48', '2021-08-15 03:12:48'),
(106, 'Prof. Valerie Bahringer I', 'llangosh@example.org', '2021-08-15 03:12:43', '$2y$10$92IXUNpkjO0rOQ5byMi.Ye4oKoEa3Ro9llC/.og/at2.uheWG/igi', 'g2LfRNuAx9', '2021-08-15 03:12:48', '2021-08-15 03:12:48'),
(107, 'Nakia Grant', 'alfonzo.heathcote@example.org', '2021-08-15 03:12:43', '$2y$10$92IXUNpkjO0rOQ5byMi.Ye4oKoEa3Ro9llC/.og/at2.uheWG/igi', 'sAgJqZoCHp', '2021-08-15 03:12:48', '2021-08-15 03:12:48'),
(108, 'Prof. Sabrina Reilly V', 'whegmann@example.org', '2021-08-15 03:12:43', '$2y$10$92IXUNpkjO0rOQ5byMi.Ye4oKoEa3Ro9llC/.og/at2.uheWG/igi', 'xfojhSUPdg', '2021-08-15 03:12:48', '2021-08-15 03:12:48'),
(109, 'Kevon Bayer', 'narciso94@example.net', '2021-08-15 03:12:43', '$2y$10$92IXUNpkjO0rOQ5byMi.Ye4oKoEa3Ro9llC/.og/at2.uheWG/igi', '4eD8aTgo0Y', '2021-08-15 03:12:48', '2021-08-15 03:12:48'),
(110, 'Nicolette Gusikowski DDS', 'jazlyn43@example.org', '2021-08-15 03:12:43', '$2y$10$92IXUNpkjO0rOQ5byMi.Ye4oKoEa3Ro9llC/.og/at2.uheWG/igi', 'PWmjUWMamd', '2021-08-15 03:12:48', '2021-08-15 03:12:48'),
(111, 'Martin Sawayn', 'terry.camren@example.org', '2021-08-15 03:12:43', '$2y$10$92IXUNpkjO0rOQ5byMi.Ye4oKoEa3Ro9llC/.og/at2.uheWG/igi', 'u0VtEgcw1A', '2021-08-15 03:12:48', '2021-08-15 03:12:48'),
(112, 'Katelynn Jakubowski', 'stamm.judson@example.net', '2021-08-15 03:12:43', '$2y$10$92IXUNpkjO0rOQ5byMi.Ye4oKoEa3Ro9llC/.og/at2.uheWG/igi', 'PQIvUaAXZG', '2021-08-15 03:12:48', '2021-08-15 03:12:48'),
(113, 'Dr. Sigurd Botsford MD', 'jordy85@example.com', '2021-08-15 03:12:43', '$2y$10$92IXUNpkjO0rOQ5byMi.Ye4oKoEa3Ro9llC/.og/at2.uheWG/igi', 'aP5U4Oxj0T', '2021-08-15 03:12:48', '2021-08-15 03:12:48'),
(114, 'Lavern Roob', 'pagac.donavon@example.org', '2021-08-15 03:12:43', '$2y$10$92IXUNpkjO0rOQ5byMi.Ye4oKoEa3Ro9llC/.og/at2.uheWG/igi', '9CvzX9xwN0', '2021-08-15 03:12:48', '2021-08-15 03:12:48'),
(115, 'Britney Johnson', 'courtney.ullrich@example.net', '2021-08-15 03:12:43', '$2y$10$92IXUNpkjO0rOQ5byMi.Ye4oKoEa3Ro9llC/.og/at2.uheWG/igi', 'kAoxK60DhZ', '2021-08-15 03:12:48', '2021-08-15 03:12:48'),
(116, 'Ms. Isabell Hegmann', 'freeda.boyer@example.net', '2021-08-15 03:12:43', '$2y$10$92IXUNpkjO0rOQ5byMi.Ye4oKoEa3Ro9llC/.og/at2.uheWG/igi', 'RM2uwbm7tl', '2021-08-15 03:12:49', '2021-08-15 03:12:49'),
(117, 'Sonny Schuppe', 'rokuneva@example.com', '2021-08-15 03:12:43', '$2y$10$92IXUNpkjO0rOQ5byMi.Ye4oKoEa3Ro9llC/.og/at2.uheWG/igi', 'BmQVyt5L1S', '2021-08-15 03:12:49', '2021-08-15 03:12:49'),
(118, 'Dr. Ceasar Adams', 'gjacobson@example.net', '2021-08-15 03:12:43', '$2y$10$92IXUNpkjO0rOQ5byMi.Ye4oKoEa3Ro9llC/.og/at2.uheWG/igi', 'hUsMzDiZgC', '2021-08-15 03:12:49', '2021-08-15 03:12:49'),
(119, 'Loyce Waters', 'domenic.brown@example.com', '2021-08-15 03:12:43', '$2y$10$92IXUNpkjO0rOQ5byMi.Ye4oKoEa3Ro9llC/.og/at2.uheWG/igi', 'F7y6daJvqS', '2021-08-15 03:12:49', '2021-08-15 03:12:49'),
(120, 'Maia Gleason', 'christ.altenwerth@example.org', '2021-08-15 03:12:43', '$2y$10$92IXUNpkjO0rOQ5byMi.Ye4oKoEa3Ro9llC/.og/at2.uheWG/igi', 'oidYk2bEK5', '2021-08-15 03:12:49', '2021-08-15 03:12:49'),
(121, 'Beryl McGlynn', 'prosacco.heloise@example.com', '2021-08-15 03:12:43', '$2y$10$92IXUNpkjO0rOQ5byMi.Ye4oKoEa3Ro9llC/.og/at2.uheWG/igi', 'dJkmvCerN4', '2021-08-15 03:12:49', '2021-08-15 03:12:49'),
(122, 'Thea Sporer', 'caroline41@example.org', '2021-08-15 03:12:43', '$2y$10$92IXUNpkjO0rOQ5byMi.Ye4oKoEa3Ro9llC/.og/at2.uheWG/igi', 'OxlCdOk3xM', '2021-08-15 03:12:49', '2021-08-15 03:12:49'),
(123, 'Gianni Murphy', 'ignatius75@example.net', '2021-08-15 03:12:43', '$2y$10$92IXUNpkjO0rOQ5byMi.Ye4oKoEa3Ro9llC/.og/at2.uheWG/igi', 'xWpzg6Ai2A', '2021-08-15 03:12:49', '2021-08-15 03:12:49'),
(124, 'Ramona Littel', 'marc63@example.net', '2021-08-15 03:12:43', '$2y$10$92IXUNpkjO0rOQ5byMi.Ye4oKoEa3Ro9llC/.og/at2.uheWG/igi', 'PCra8j34Km', '2021-08-15 03:12:49', '2021-08-15 03:12:49'),
(125, 'Kristofer Koss', 'charles96@example.com', '2021-08-15 03:12:43', '$2y$10$92IXUNpkjO0rOQ5byMi.Ye4oKoEa3Ro9llC/.og/at2.uheWG/igi', '5oGMaNfKcQ', '2021-08-15 03:12:49', '2021-08-15 03:12:49'),
(126, 'Ally Emmerich', 'vernon22@example.org', '2021-08-15 03:12:43', '$2y$10$92IXUNpkjO0rOQ5byMi.Ye4oKoEa3Ro9llC/.og/at2.uheWG/igi', 'Io9KoeBEj3', '2021-08-15 03:12:49', '2021-08-15 03:12:49'),
(127, 'Obie Kautzer', 'adaline12@example.net', '2021-08-15 03:12:43', '$2y$10$92IXUNpkjO0rOQ5byMi.Ye4oKoEa3Ro9llC/.og/at2.uheWG/igi', 'IMWKHcSeuj', '2021-08-15 03:12:49', '2021-08-15 03:12:49'),
(128, 'Kristin Fritsch V', 'ecole@example.com', '2021-08-15 03:12:43', '$2y$10$92IXUNpkjO0rOQ5byMi.Ye4oKoEa3Ro9llC/.og/at2.uheWG/igi', 'Qz60WX7fo8', '2021-08-15 03:12:49', '2021-08-15 03:12:49'),
(129, 'Jermain Heathcote', 'sienna61@example.org', '2021-08-15 03:12:43', '$2y$10$92IXUNpkjO0rOQ5byMi.Ye4oKoEa3Ro9llC/.og/at2.uheWG/igi', '3xQTfEklKw', '2021-08-15 03:12:49', '2021-08-15 03:12:49'),
(130, 'Dr. Abbey Vandervort MD', 'julien.davis@example.com', '2021-08-15 03:12:43', '$2y$10$92IXUNpkjO0rOQ5byMi.Ye4oKoEa3Ro9llC/.og/at2.uheWG/igi', 'MI1DKShe6k', '2021-08-15 03:12:49', '2021-08-15 03:12:49'),
(131, 'Nathanael Aufderhar', 'blangworth@example.net', '2021-08-15 03:12:43', '$2y$10$92IXUNpkjO0rOQ5byMi.Ye4oKoEa3Ro9llC/.og/at2.uheWG/igi', '2XfakdjDjv', '2021-08-15 03:12:50', '2021-08-15 03:12:50'),
(132, 'Prof. Romaine Collier PhD', 'bayer.glen@example.com', '2021-08-15 03:12:43', '$2y$10$92IXUNpkjO0rOQ5byMi.Ye4oKoEa3Ro9llC/.og/at2.uheWG/igi', 'qFkRhjwqbi', '2021-08-15 03:12:50', '2021-08-15 03:12:50'),
(133, 'Laury Stracke', 'demetrius79@example.org', '2021-08-15 03:12:43', '$2y$10$92IXUNpkjO0rOQ5byMi.Ye4oKoEa3Ro9llC/.og/at2.uheWG/igi', 'CDMPfa0eUC', '2021-08-15 03:12:50', '2021-08-15 03:12:50'),
(134, 'Theresia Considine', 'rbailey@example.org', '2021-08-15 03:12:43', '$2y$10$92IXUNpkjO0rOQ5byMi.Ye4oKoEa3Ro9llC/.og/at2.uheWG/igi', 'oAZlcKiouR', '2021-08-15 03:12:50', '2021-08-15 03:12:50'),
(135, 'Ms. Andreanne Cummerata MD', 'sgislason@example.net', '2021-08-15 03:12:43', '$2y$10$92IXUNpkjO0rOQ5byMi.Ye4oKoEa3Ro9llC/.og/at2.uheWG/igi', 'SgZIYSg1UO', '2021-08-15 03:12:50', '2021-08-15 03:12:50'),
(136, 'Prof. Karelle O\'Conner IV', 'hill.christa@example.net', '2021-08-15 03:12:43', '$2y$10$92IXUNpkjO0rOQ5byMi.Ye4oKoEa3Ro9llC/.og/at2.uheWG/igi', 'va6Ziknkwb', '2021-08-15 03:12:50', '2021-08-15 03:12:50'),
(137, 'Kaelyn Schmitt', 'marietta48@example.org', '2021-08-15 03:12:43', '$2y$10$92IXUNpkjO0rOQ5byMi.Ye4oKoEa3Ro9llC/.og/at2.uheWG/igi', '7FNN9eT2Ie', '2021-08-15 03:12:50', '2021-08-15 03:12:50'),
(138, 'Osborne Keebler', 'wisozk.clare@example.net', '2021-08-15 03:12:43', '$2y$10$92IXUNpkjO0rOQ5byMi.Ye4oKoEa3Ro9llC/.og/at2.uheWG/igi', 'ub0MwNZCYk', '2021-08-15 03:12:50', '2021-08-15 03:12:50'),
(139, 'Terrence Carter', 'matilde00@example.com', '2021-08-15 03:12:43', '$2y$10$92IXUNpkjO0rOQ5byMi.Ye4oKoEa3Ro9llC/.og/at2.uheWG/igi', 'g1MdPGV3Zk', '2021-08-15 03:12:50', '2021-08-15 03:12:50'),
(140, 'Alexzander VonRueden', 'turner.maia@example.org', '2021-08-15 03:12:43', '$2y$10$92IXUNpkjO0rOQ5byMi.Ye4oKoEa3Ro9llC/.og/at2.uheWG/igi', 'bSNdzVCmjO', '2021-08-15 03:12:50', '2021-08-15 03:12:50'),
(141, 'Dr. Tess Connelly', 'hobart.steuber@example.net', '2021-08-15 03:12:43', '$2y$10$92IXUNpkjO0rOQ5byMi.Ye4oKoEa3Ro9llC/.og/at2.uheWG/igi', 'MrikwI9l5p', '2021-08-15 03:12:50', '2021-08-15 03:12:50'),
(142, 'Granville Turcotte', 'elda91@example.org', '2021-08-15 03:12:43', '$2y$10$92IXUNpkjO0rOQ5byMi.Ye4oKoEa3Ro9llC/.og/at2.uheWG/igi', 'C2NMHJsuv7', '2021-08-15 03:12:50', '2021-08-15 03:12:50'),
(143, 'Davin Legros IV', 'jailyn.kub@example.com', '2021-08-15 03:12:43', '$2y$10$92IXUNpkjO0rOQ5byMi.Ye4oKoEa3Ro9llC/.og/at2.uheWG/igi', 'bDg0cVoKX2', '2021-08-15 03:12:50', '2021-08-15 03:12:50'),
(144, 'Ronaldo Ziemann', 'qrunolfsson@example.net', '2021-08-15 03:12:43', '$2y$10$92IXUNpkjO0rOQ5byMi.Ye4oKoEa3Ro9llC/.og/at2.uheWG/igi', 'bmmYHuOjMU', '2021-08-15 03:12:51', '2021-08-15 03:12:51'),
(145, 'Ubaldo Maggio', 'nemmerich@example.com', '2021-08-15 03:12:43', '$2y$10$92IXUNpkjO0rOQ5byMi.Ye4oKoEa3Ro9llC/.og/at2.uheWG/igi', 'SJIo2VbmPo', '2021-08-15 03:12:51', '2021-08-15 03:12:51'),
(146, 'Marian Tillman I', 'ishanahan@example.com', '2021-08-15 03:12:43', '$2y$10$92IXUNpkjO0rOQ5byMi.Ye4oKoEa3Ro9llC/.og/at2.uheWG/igi', 'A12lAaRV7l', '2021-08-15 03:12:51', '2021-08-15 03:12:51'),
(147, 'Aisha Gottlieb V', 'blanche02@example.net', '2021-08-15 03:12:43', '$2y$10$92IXUNpkjO0rOQ5byMi.Ye4oKoEa3Ro9llC/.og/at2.uheWG/igi', 'GG5rY5kKDE', '2021-08-15 03:12:51', '2021-08-15 03:12:51'),
(148, 'Cordell Raynor PhD', 'boyle.bert@example.net', '2021-08-15 03:12:43', '$2y$10$92IXUNpkjO0rOQ5byMi.Ye4oKoEa3Ro9llC/.og/at2.uheWG/igi', 'jAYE3qYbuz', '2021-08-15 03:12:51', '2021-08-15 03:12:51'),
(149, 'Kareem Wolf', 'flemke@example.com', '2021-08-15 03:12:43', '$2y$10$92IXUNpkjO0rOQ5byMi.Ye4oKoEa3Ro9llC/.og/at2.uheWG/igi', 'ThwsMqVfSE', '2021-08-15 03:12:51', '2021-08-15 03:12:51'),
(150, 'Britney Hartmann I', 'mbergstrom@example.org', '2021-08-15 03:12:43', '$2y$10$92IXUNpkjO0rOQ5byMi.Ye4oKoEa3Ro9llC/.og/at2.uheWG/igi', 'nfE0x8JBjy', '2021-08-15 03:12:51', '2021-08-15 03:12:51'),
(151, 'Ms. Alverta Upton', 'perry.balistreri@example.net', '2021-08-15 03:12:43', '$2y$10$92IXUNpkjO0rOQ5byMi.Ye4oKoEa3Ro9llC/.og/at2.uheWG/igi', 'Ul4uuQAP7H', '2021-08-15 03:12:51', '2021-08-15 03:12:51'),
(152, 'Thaddeus Blick', 'ohuels@example.net', '2021-08-15 03:12:43', '$2y$10$92IXUNpkjO0rOQ5byMi.Ye4oKoEa3Ro9llC/.og/at2.uheWG/igi', 'fLihYpkp2G', '2021-08-15 03:12:51', '2021-08-15 03:12:51'),
(153, 'Hassie Balistreri', 'smith.jon@example.net', '2021-08-15 03:12:43', '$2y$10$92IXUNpkjO0rOQ5byMi.Ye4oKoEa3Ro9llC/.og/at2.uheWG/igi', 'UW8DiicWWp', '2021-08-15 03:12:51', '2021-08-15 03:12:51'),
(154, 'Mckenna Lueilwitz', 'adrien47@example.net', '2021-08-15 03:12:43', '$2y$10$92IXUNpkjO0rOQ5byMi.Ye4oKoEa3Ro9llC/.og/at2.uheWG/igi', 'wLXDbLpn8e', '2021-08-15 03:12:51', '2021-08-15 03:12:51'),
(155, 'Willie Balistreri', 'bechtelar.amos@example.com', '2021-08-15 03:12:43', '$2y$10$92IXUNpkjO0rOQ5byMi.Ye4oKoEa3Ro9llC/.og/at2.uheWG/igi', 'RFJjgwu2It', '2021-08-15 03:12:51', '2021-08-15 03:12:51'),
(156, 'Prof. Laron Strosin IV', 'jennings21@example.org', '2021-08-15 03:12:43', '$2y$10$92IXUNpkjO0rOQ5byMi.Ye4oKoEa3Ro9llC/.og/at2.uheWG/igi', '5DlnBHGZRU', '2021-08-15 03:12:51', '2021-08-15 03:12:51'),
(157, 'Prof. Keira Gerlach', 'alvena.emard@example.org', '2021-08-15 03:12:43', '$2y$10$92IXUNpkjO0rOQ5byMi.Ye4oKoEa3Ro9llC/.og/at2.uheWG/igi', 'HYqVRLB3Ke', '2021-08-15 03:12:52', '2021-08-15 03:12:52'),
(158, 'Steve Murazik', 'cremin.maurice@example.org', '2021-08-15 03:12:43', '$2y$10$92IXUNpkjO0rOQ5byMi.Ye4oKoEa3Ro9llC/.og/at2.uheWG/igi', 'yrPexAOiU5', '2021-08-15 03:12:52', '2021-08-15 03:12:52'),
(159, 'Devonte Douglas', 'srolfson@example.net', '2021-08-15 03:12:43', '$2y$10$92IXUNpkjO0rOQ5byMi.Ye4oKoEa3Ro9llC/.og/at2.uheWG/igi', 'D2b3qOeLZ6', '2021-08-15 03:12:52', '2021-08-15 03:12:52'),
(160, 'Assunta Howell PhD', 'jstanton@example.org', '2021-08-15 03:12:43', '$2y$10$92IXUNpkjO0rOQ5byMi.Ye4oKoEa3Ro9llC/.og/at2.uheWG/igi', 'he5u05tP63', '2021-08-15 03:12:52', '2021-08-15 03:12:52'),
(161, 'Prof. Reid Quitzon V', 'amayer@example.net', '2021-08-15 03:12:43', '$2y$10$92IXUNpkjO0rOQ5byMi.Ye4oKoEa3Ro9llC/.og/at2.uheWG/igi', 'aQurpB3yYs', '2021-08-15 03:12:52', '2021-08-15 03:12:52'),
(162, 'Lourdes Borer', 'upton.kaylee@example.com', '2021-08-15 03:12:43', '$2y$10$92IXUNpkjO0rOQ5byMi.Ye4oKoEa3Ro9llC/.og/at2.uheWG/igi', 'DzznnfMEQV', '2021-08-15 03:12:52', '2021-08-15 03:12:52'),
(163, 'Kayden Bechtelar', 'qkuhlman@example.org', '2021-08-15 03:12:43', '$2y$10$92IXUNpkjO0rOQ5byMi.Ye4oKoEa3Ro9llC/.og/at2.uheWG/igi', 'oBN1rt7bz7', '2021-08-15 03:12:52', '2021-08-15 03:12:52'),
(164, 'Delbert Lowe', 'stracke.candida@example.com', '2021-08-15 03:12:43', '$2y$10$92IXUNpkjO0rOQ5byMi.Ye4oKoEa3Ro9llC/.og/at2.uheWG/igi', 'euLFvRAJRf', '2021-08-15 03:12:52', '2021-08-15 03:12:52'),
(165, 'Ms. Brandi Muller', 'ofelia73@example.org', '2021-08-15 03:12:43', '$2y$10$92IXUNpkjO0rOQ5byMi.Ye4oKoEa3Ro9llC/.og/at2.uheWG/igi', 'i312iadzR6', '2021-08-15 03:12:52', '2021-08-15 03:12:52'),
(166, 'Cristian Koelpin', 'wnitzsche@example.com', '2021-08-15 03:12:43', '$2y$10$92IXUNpkjO0rOQ5byMi.Ye4oKoEa3Ro9llC/.og/at2.uheWG/igi', 'K57Yk5HYl9', '2021-08-15 03:12:52', '2021-08-15 03:12:52'),
(167, 'Ms. Juliana Gutmann', 'imayert@example.net', '2021-08-15 03:12:43', '$2y$10$92IXUNpkjO0rOQ5byMi.Ye4oKoEa3Ro9llC/.og/at2.uheWG/igi', 'XwrwpBueLh', '2021-08-15 03:12:52', '2021-08-15 03:12:52'),
(168, 'Jameson Kunze DVM', 'eugene.haag@example.com', '2021-08-15 03:12:43', '$2y$10$92IXUNpkjO0rOQ5byMi.Ye4oKoEa3Ro9llC/.og/at2.uheWG/igi', 'qUwOQfR6Q4', '2021-08-15 03:12:52', '2021-08-15 03:12:52'),
(169, 'Dr. Jeanne Hartmann', 'orin.cummerata@example.net', '2021-08-15 03:12:43', '$2y$10$92IXUNpkjO0rOQ5byMi.Ye4oKoEa3Ro9llC/.og/at2.uheWG/igi', 'sZV7DGppAo', '2021-08-15 03:12:52', '2021-08-15 03:12:52'),
(170, 'Matilde Trantow', 'dullrich@example.org', '2021-08-15 03:12:43', '$2y$10$92IXUNpkjO0rOQ5byMi.Ye4oKoEa3Ro9llC/.og/at2.uheWG/igi', 'Hm1snnp29v', '2021-08-15 03:12:52', '2021-08-15 03:12:52'),
(171, 'Dr. Alice Oberbrunner Jr.', 'sebastian15@example.net', '2021-08-15 03:12:43', '$2y$10$92IXUNpkjO0rOQ5byMi.Ye4oKoEa3Ro9llC/.og/at2.uheWG/igi', 'AwAHdKankf', '2021-08-15 03:12:52', '2021-08-15 03:12:52'),
(172, 'Moises Greenfelder', 'mandy.vandervort@example.com', '2021-08-15 03:12:43', '$2y$10$92IXUNpkjO0rOQ5byMi.Ye4oKoEa3Ro9llC/.og/at2.uheWG/igi', 'RzkxvVlvPq', '2021-08-15 03:12:52', '2021-08-15 03:12:52'),
(173, 'Brody Swaniawski', 'hessel.eula@example.com', '2021-08-15 03:12:43', '$2y$10$92IXUNpkjO0rOQ5byMi.Ye4oKoEa3Ro9llC/.og/at2.uheWG/igi', 'q4rTmdCSrE', '2021-08-15 03:12:52', '2021-08-15 03:12:52'),
(174, 'Prof. Doris Price', 'alta06@example.org', '2021-08-15 03:12:43', '$2y$10$92IXUNpkjO0rOQ5byMi.Ye4oKoEa3Ro9llC/.og/at2.uheWG/igi', '4kedLVFE3k', '2021-08-15 03:12:52', '2021-08-15 03:12:52'),
(175, 'Kendra Conroy', 'hammes.scottie@example.net', '2021-08-15 03:12:43', '$2y$10$92IXUNpkjO0rOQ5byMi.Ye4oKoEa3Ro9llC/.og/at2.uheWG/igi', 'HvfiY8BkSZ', '2021-08-15 03:12:53', '2021-08-15 03:12:53'),
(176, 'Hazle Bayer', 'gregoria12@example.org', '2021-08-15 03:12:43', '$2y$10$92IXUNpkjO0rOQ5byMi.Ye4oKoEa3Ro9llC/.og/at2.uheWG/igi', 'u2Q45F67z0', '2021-08-15 03:12:53', '2021-08-15 03:12:53'),
(177, 'Missouri Hauck', 'white.fatima@example.net', '2021-08-15 03:12:43', '$2y$10$92IXUNpkjO0rOQ5byMi.Ye4oKoEa3Ro9llC/.og/at2.uheWG/igi', 'Rh3slvBHwG', '2021-08-15 03:12:53', '2021-08-15 03:12:53'),
(178, 'Rodolfo O\'Connell', 'buford52@example.net', '2021-08-15 03:12:43', '$2y$10$92IXUNpkjO0rOQ5byMi.Ye4oKoEa3Ro9llC/.og/at2.uheWG/igi', 'Rg8UlPyQO5', '2021-08-15 03:12:53', '2021-08-15 03:12:53'),
(179, 'River Towne', 'stewart.dicki@example.org', '2021-08-15 03:12:43', '$2y$10$92IXUNpkjO0rOQ5byMi.Ye4oKoEa3Ro9llC/.og/at2.uheWG/igi', 'drZ3WWWzGe', '2021-08-15 03:12:53', '2021-08-15 03:12:53'),
(180, 'Kylee Bernhard IV', 'beahan.carli@example.net', '2021-08-15 03:12:43', '$2y$10$92IXUNpkjO0rOQ5byMi.Ye4oKoEa3Ro9llC/.og/at2.uheWG/igi', 'UzxrQf4s6D', '2021-08-15 03:12:53', '2021-08-15 03:12:53'),
(181, 'Dariana Wiza DVM', 'wilma42@example.org', '2021-08-15 03:12:43', '$2y$10$92IXUNpkjO0rOQ5byMi.Ye4oKoEa3Ro9llC/.og/at2.uheWG/igi', 'RaYUSVEy2F', '2021-08-15 03:12:53', '2021-08-15 03:12:53'),
(182, 'Prof. Shaina Barton MD', 'katheryn80@example.org', '2021-08-15 03:12:43', '$2y$10$92IXUNpkjO0rOQ5byMi.Ye4oKoEa3Ro9llC/.og/at2.uheWG/igi', 'fxY35tZmAf', '2021-08-15 03:12:53', '2021-08-15 03:12:53'),
(183, 'Rebecca Stiedemann', 'pbatz@example.net', '2021-08-15 03:12:43', '$2y$10$92IXUNpkjO0rOQ5byMi.Ye4oKoEa3Ro9llC/.og/at2.uheWG/igi', '8LiPq0PQtm', '2021-08-15 03:12:53', '2021-08-15 03:12:53'),
(184, 'Miss Skyla Kessler', 'waelchi.albert@example.net', '2021-08-15 03:12:43', '$2y$10$92IXUNpkjO0rOQ5byMi.Ye4oKoEa3Ro9llC/.og/at2.uheWG/igi', 'bdEGW6YZfl', '2021-08-15 03:12:53', '2021-08-15 03:12:53'),
(185, 'Concepcion Bode III', 'coralie.marquardt@example.com', '2021-08-15 03:12:43', '$2y$10$92IXUNpkjO0rOQ5byMi.Ye4oKoEa3Ro9llC/.og/at2.uheWG/igi', 'odUEvcNL8E', '2021-08-15 03:12:54', '2021-08-15 03:12:54'),
(186, 'Narciso Dickens Sr.', 'mraz.jairo@example.com', '2021-08-15 03:12:43', '$2y$10$92IXUNpkjO0rOQ5byMi.Ye4oKoEa3Ro9llC/.og/at2.uheWG/igi', '605SX2iFRJ', '2021-08-15 03:12:54', '2021-08-15 03:12:54'),
(187, 'Dr. Zander Marquardt', 'roberts.jedidiah@example.org', '2021-08-15 03:12:43', '$2y$10$92IXUNpkjO0rOQ5byMi.Ye4oKoEa3Ro9llC/.og/at2.uheWG/igi', 'uZ1DLbZCAC', '2021-08-15 03:12:54', '2021-08-15 03:12:54'),
(188, 'Dr. Chaya Langosh', 'gerson.fahey@example.com', '2021-08-15 03:12:43', '$2y$10$92IXUNpkjO0rOQ5byMi.Ye4oKoEa3Ro9llC/.og/at2.uheWG/igi', '0ls8YY7mtM', '2021-08-15 03:12:54', '2021-08-15 03:12:54'),
(189, 'Marc Larkin', 'dfeest@example.net', '2021-08-15 03:12:43', '$2y$10$92IXUNpkjO0rOQ5byMi.Ye4oKoEa3Ro9llC/.og/at2.uheWG/igi', '8d1qBGrNxG', '2021-08-15 03:12:54', '2021-08-15 03:12:54'),
(190, 'Urban Beer', 'hans55@example.net', '2021-08-15 03:12:43', '$2y$10$92IXUNpkjO0rOQ5byMi.Ye4oKoEa3Ro9llC/.og/at2.uheWG/igi', 'VPTzN3z03U', '2021-08-15 03:12:54', '2021-08-15 03:12:54'),
(191, 'Prof. Jewel Kilback II', 'durgan.allene@example.com', '2021-08-15 03:12:43', '$2y$10$92IXUNpkjO0rOQ5byMi.Ye4oKoEa3Ro9llC/.og/at2.uheWG/igi', 'wsPGIfTGAX', '2021-08-15 03:12:54', '2021-08-15 03:12:54'),
(192, 'Darron Powlowski', 'towne.larue@example.net', '2021-08-15 03:12:43', '$2y$10$92IXUNpkjO0rOQ5byMi.Ye4oKoEa3Ro9llC/.og/at2.uheWG/igi', 'oNskpKgcZ9', '2021-08-15 03:12:54', '2021-08-15 03:12:54'),
(193, 'Ross Ortiz', 'kiehn.julien@example.net', '2021-08-15 03:12:43', '$2y$10$92IXUNpkjO0rOQ5byMi.Ye4oKoEa3Ro9llC/.og/at2.uheWG/igi', 'ShhIbJNiq6', '2021-08-15 03:12:54', '2021-08-15 03:12:54'),
(194, 'Ivy Bauch', 'ross09@example.org', '2021-08-15 03:12:43', '$2y$10$92IXUNpkjO0rOQ5byMi.Ye4oKoEa3Ro9llC/.og/at2.uheWG/igi', 'blp8DQtc8O', '2021-08-15 03:12:54', '2021-08-15 03:12:54'),
(195, 'Lavina Willms', 'kelli66@example.org', '2021-08-15 03:12:43', '$2y$10$92IXUNpkjO0rOQ5byMi.Ye4oKoEa3Ro9llC/.og/at2.uheWG/igi', 'nuLawilmu6', '2021-08-15 03:12:55', '2021-08-15 03:12:55'),
(196, 'Oscar Hills PhD', 'pmoore@example.org', '2021-08-15 03:12:43', '$2y$10$92IXUNpkjO0rOQ5byMi.Ye4oKoEa3Ro9llC/.og/at2.uheWG/igi', 'OO5SDqSdgG', '2021-08-15 03:12:55', '2021-08-15 03:12:55'),
(197, 'Bruce Hills Sr.', 'elena30@example.org', '2021-08-15 03:12:43', '$2y$10$92IXUNpkjO0rOQ5byMi.Ye4oKoEa3Ro9llC/.og/at2.uheWG/igi', 'WiBQjLkfHH', '2021-08-15 03:12:55', '2021-08-15 03:12:55'),
(198, 'Dwight Ernser', 'vivien77@example.org', '2021-08-15 03:12:43', '$2y$10$92IXUNpkjO0rOQ5byMi.Ye4oKoEa3Ro9llC/.og/at2.uheWG/igi', 'JDKb0Z05aa', '2021-08-15 03:12:56', '2021-08-15 03:12:56'),
(199, 'Destiney Blick', 'harvey.kade@example.org', '2021-08-15 03:12:43', '$2y$10$92IXUNpkjO0rOQ5byMi.Ye4oKoEa3Ro9llC/.og/at2.uheWG/igi', 'vsIcGqW3I8', '2021-08-15 03:12:56', '2021-08-15 03:12:56'),
(200, 'Chet Reichel', 'reinger.lucas@example.org', '2021-08-15 03:12:43', '$2y$10$92IXUNpkjO0rOQ5byMi.Ye4oKoEa3Ro9llC/.og/at2.uheWG/igi', 'Dec5PwHhDx', '2021-08-15 03:12:56', '2021-08-15 03:12:56');

--
-- Indexes for dumped tables
--

--
-- Indexes for table `categories`
--
ALTER TABLE `categories`
  ADD PRIMARY KEY (`id`);

--
-- Indexes for table `comments`
--
ALTER TABLE `comments`
  ADD PRIMARY KEY (`id`),
  ADD KEY `comments_post_id_foreign` (`post_id`);

--
-- Indexes for table `failed_jobs`
--
ALTER TABLE `failed_jobs`
  ADD PRIMARY KEY (`id`),
  ADD UNIQUE KEY `failed_jobs_uuid_unique` (`uuid`);

--
-- Indexes for table `migrations`
--
ALTER TABLE `migrations`
  ADD PRIMARY KEY (`id`);

--
-- Indexes for table `password_resets`
--
ALTER TABLE `password_resets`
  ADD KEY `password_resets_email_index` (`email`);

--
-- Indexes for table `posts`
--
ALTER TABLE `posts`
  ADD PRIMARY KEY (`id`),
  ADD KEY `posts_user_id_foreign` (`user_id`),
  ADD KEY `posts_category_id_foreign` (`category_id`);

--
-- Indexes for table `users`
--
ALTER TABLE `users`
  ADD PRIMARY KEY (`id`),
  ADD UNIQUE KEY `users_email_unique` (`email`);

--
-- AUTO_INCREMENT for dumped tables
--

--
-- AUTO_INCREMENT for table `categories`
--
ALTER TABLE `categories`
  MODIFY `id` bigint(20) UNSIGNED NOT NULL AUTO_INCREMENT, AUTO_INCREMENT=21;

--
-- AUTO_INCREMENT for table `comments`
--
ALTER TABLE `comments`
  MODIFY `id` bigint(20) UNSIGNED NOT NULL AUTO_INCREMENT, AUTO_INCREMENT=505;

--
-- AUTO_INCREMENT for table `failed_jobs`
--
ALTER TABLE `failed_jobs`
  MODIFY `id` bigint(20) UNSIGNED NOT NULL AUTO_INCREMENT;

--
-- AUTO_INCREMENT for table `migrations`
--
ALTER TABLE `migrations`
  MODIFY `id` int(10) UNSIGNED NOT NULL AUTO_INCREMENT, AUTO_INCREMENT=7;

--
-- AUTO_INCREMENT for table `posts`
--
ALTER TABLE `posts`
  MODIFY `id` bigint(20) UNSIGNED NOT NULL AUTO_INCREMENT, AUTO_INCREMENT=201;

--
-- AUTO_INCREMENT for table `users`
--
ALTER TABLE `users`
  MODIFY `id` bigint(20) UNSIGNED NOT NULL AUTO_INCREMENT, AUTO_INCREMENT=201;

--
-- Constraints for dumped tables
--

--
-- Constraints for table `comments`
--
ALTER TABLE `comments`
  ADD CONSTRAINT `comments_post_id_foreign` FOREIGN KEY (`post_id`) REFERENCES `posts` (`id`) ON DELETE CASCADE ON UPDATE CASCADE;

--
-- Constraints for table `posts`
--
ALTER TABLE `posts`
  ADD CONSTRAINT `posts_category_id_foreign` FOREIGN KEY (`category_id`) REFERENCES `categories` (`id`) ON DELETE CASCADE ON UPDATE CASCADE,
  ADD CONSTRAINT `posts_user_id_foreign` FOREIGN KEY (`user_id`) REFERENCES `users` (`id`) ON DELETE CASCADE ON UPDATE CASCADE;
COMMIT;

/*!40101 SET CHARACTER_SET_CLIENT=@OLD_CHARACTER_SET_CLIENT */;
/*!40101 SET CHARACTER_SET_RESULTS=@OLD_CHARACTER_SET_RESULTS */;
/*!40101 SET COLLATION_CONNECTION=@OLD_COLLATION_CONNECTION */;
